Region,,Province,Municipality/City,Poverty Incidence,,Standard Error,,Coefficient of Variation,
,,,,2006,2009,2006,2009,2006,2009
NCR,1st district,,"Tondo Binondo Quiapo
San Nicolas Santa Cruz Sampaloc San Miguel Ermita Intramuros Malate Paco Pandacan Port Area Santa Ana","4.1
1.8
5.3
4.9
4.3
5.8
3.1
4.4
3.0
6.4
6.0
6.0
13.2
4.7","2.9
1.0
2.1
2.4
1.7
1.3
1.4
1.5
2.5
1.8
1.8
1.9
11.9
2.2","0.5
0.3
0.4
0.5
0.6
0.7
1.5
2.5
0.6
0.6
0.4
0.5
2.0
0.8","0.8
0.7
0.9
1.4
0.5
0.3
0.9
1.0
1.2
0.5
0.6
0.6
6.8
0.6","12.6
18.1
7.9
9.6
14.3
11.9
47.2
56.4
20.9
8.9
5.8
7.8
15.2
17.8","27.5
68.0
42.4
57.0
32.5
23.6
67.4
68.7
48.0
29.1
31.3
33.0
57.5
29.0"
,2nd district,,"Mandaluyong  City Marikina  City Pasig City  Quezon City
San Juan","6.1
6.0
5.0
4.1
2.9","1.8
2.2
2.2
2.4
1.5","1.1
0.7
0.5
0.7
2.0","0.8
0.9
0.8
0.6
0.6","17.6
11.9
9.5
16.0
67.0","45.1
41.1
37.3
25.3
42.5"
,3rd district,,Kalookan City Malabon Navotas Valenzuela  City,"5.0
6.1
6.2
5.1","3.1
4.0
3.8
3.7","1.0
1.0
1.4
1.1","0.9
1.7
1.8
1.3","19.1
15.8
22.6
21.1","28.2
41.4
48.4
33.4"
,4th district,,"Las Piñas  City Makati  City Muntinlupa  City Parañaque  City Pasay City Pateros
Taguig","3.9
2.9
4.9
5.5
5.3
8.2
4.3","2.8
1.4
2.4
2.0
1.7
3.0
2.7","1.0
0.6
1.0
0.5
0.6
2.2
0.8","1.0
0.6
1.2
1.0
0.5
1.9
1.1","25.5
20.5
20.3
8.6
11.0
27.3
19.3","37.8
42.3
49.6
41.9
26.4
64.9
41.5"
CAR,Abra,,"Bangued Boliney Bucay Bucloc Daguioman Danglas Dolores
La Paz Lacub Lagangilang Lagayan Langiden
Licuan-Baay (Licuan) Luba
Malibcong Manabo Peñarrubia Pidigan Pilar Sallapadan San Isidro San Juan San Quintin Tayum Tineg
Tubo Villaviciosa","16.6
76.0
42.6
58.0
46.8
40.2
23.7
37.6
58.8
30.1
35.0
44.1
39.7
50.5
48.9
33.3
29.6
22.7
41.0
25.5
50.8
40.2
21.0
23.4
62.9
53.3
49.7","16.8
50.6
36.2
77.2
32.2
32.0
33.5
36.0
67.2
27.5
41.4
46.0
46.7
36.2
55.6
34.9
35.7
25.9
42.8
62.0
42.3
33.7
28.7
23.7
43.2
56.4
49.1","3.4
9.2
6.4
9.5
10.5
6.5
5.1
6.8
8.2
6.1
8.5
8.8
8.0
8.4
6.8
6.7
7.6
5.7
6.8
6.0
7.0
6.4
6.8
5.7
7.5
8.3
8.3","2.1
9.5
5.8
10.1
8.8
7.3
5.0
5.4
9.5
4.5
7.8
8.1
8.4
6.7
8.8
6.9
7.0
4.9
6.2
8.2
6.7
6.6
6.7
4.4
8.6
9.4
7.7","26.9
22.9
22.1
26.4
32.4
25.5
28.7
25.4
22.5
27.9
34.3
29.8
26.5
26.3
20.2
29.6
33.7
32.9
23.0
31.3
21.3
23.0
41.0
32.6
20.4
23.3
25.2","12.7
18.9
16.1
13.0
27.3
22.8
15.0
14.9
14.2
16.5
18.8
17.6
18.0
18.5
15.8
19.8
19.6
18.9
14.4
13.2
15.9
19.7
23.3
18.7
19.9
16.6
15.7"
,Benguet,,Atok Baguio City Bakun Bokod Buguias Itogon Kabayan Kapangan Kibungan La Trinidad Mankayan Sablan Tuba Tublay,"7.6
1.2
17.0
5.1
6.4
5.8
18.0
25.9
22.3
1.6
6.6
14.1
6.4
11.3","39.7
2.4
53.7
21.5
42.0
8.9
58.6
37.7
67.9
5.4
16.5
19.3
14.2
30.4","3.0
0.5
4.8
2.2
2.5
2.3
5.1
5.6
5.6
0.7
2.3
3.8
2.1
3.5","9.9
0.8
9.6
4.8
8.1
2.6
7.3
6.6
11.3
1.5
4.3
5.4
3.2
6.9","51.4
55.6
38.5
59.3
50.0
52.9
37.7
27.9
32.5
56.5
46.6
32.7
40.7
39.3","24.9
31.3
17.9
22.4
19.2
29.0
12.5
17.5
16.7
27.3
26.2
27.7
22.7
22.7"
,Ifugao,,"Banaue Hungduan Kiangan Lagawe Lamut Mayoyao
Alfonso Lista (Potia) Aguinaldo
Hingyon Tinoc Asipulo","29.3
43.9
20.6
27.4
20.4
38.5
30.6
42.2
25.4
52.0
55.0","20.9
29.9
22.9
19.9
18.2
34.1
37.1
33.2
25.2
49.6
47.5","4.9
7.1
3.9
3.2
3.2
4.8
4.3
5.8
5.2
7.5
7.8","3.4
5.8
5.0
3.5
3.3
4.1
4.5
6.0
5.7
7.5
9.3","22.4
23.0
24.7
15.1
20.0
18.0
19.1
19.3
26.5
21.8
22.2","16.3
19.3
21.9
17.4
18.3
11.9
12.2
18.1
22.7
15.0
19.5"
,Kalinga,,Balbalan Lubuagan Pasil Pinukpuk Rizal (Liwan) Tabuk Tanudan Tinglayan,"35.4
35.6
44.8
33.9
28.0
18.1
66.6
72.0","30.1
24.8
26.5
29.9
25.3
17.3
30.7
34.1","5.8
5.7
6.5
5.1
5.2
3.2
8.6
9.5","5.7
5.3
4.5
4.3
5.4
2.8
6.1
5.3","22.3
21.7
22.0
20.4
24.8
22.3
21.5
24.8","19.1
21.2
16.9
14.5
21.2
16.3
20.0
15.5"
,Mountain Province,,Barlig Bauko Besao Bontoc Natonin Paracelis Sabangan Sadanga Sagada Tadian,"20.2
13.4
19.2
15.1
59.2
43.1
11.4
55.1
11.2
23.9","27.4
34.4
26.9
16.7
37.4
46.7
26.0
39.0
35.4
36.2","4.6
2.8
4.2
5.1
9.5
5.5
3.0
8.2
2.5
3.9","8.3
7.8
7.7
4.9
9.2
10.0
8.1
10.9
9.0
7.2","33.7
28.4
29.9
41.6
25.4
17.5
36.3
23.2
29.1
23.5","30.4
22.7
28.7
29.4
24.5
21.4
31.1
27.8
25.4
20.0"
,Apayao,,"Calanasan (Bayag) Conner
Flora Kabugao Luna Pudtol
Santa Marcela","34.6
35.1
23.0
39.2
16.8
26.1
18.2","32.9
30.3
26.2
40.6
28.8
29.8
23.8","7.5
5.4
4.5
5.6
3.0
4.0
3.9","7.0
4.6
5.3
5.3
4.7
5.5
4.9","29.2
20.0
24.9
19.9
22.4
19.2
27.4","21.4
15.2
20.1
13.0
16.4
18.3
20.7"
Region I           Ilocos Norte,,,Adams,39.9,29.4,0.4,1.1,33.3,8.5
Region,,Province,Municipality/City,Poverty Incidence,,Standard Error,,Coefficient of Variation,
,,,,2006,2009,2006,2009,2006,2009
,,,"Bacarra Badoc Bangui Batac Burgos Carasi Currimao Dingras Dumalneg Banna Laoag City Marcos Nueva Era Pagudpud Paoay Pasuquin Piddig Pinili
San Nicolas Sarrat Solsona Vintar","11.7
19.6
24.5
11.2
27.6
26.4
21.5
19.5
31.6
21.8
6.5
27.8
37.7
29.6
12.2
22.2
20.6
21.9
7.3
20.2
21.6
18.7","13.2
19.6
12.6
15.3
16.8
22.6
15.2
16.3
21.6
17.8
9.9
18.7
24.9
20.2
14.9
14.1
16.3
17.6
12.3
14.0
15.0
16.8","0.5
0.5
0.4
0.4
3.5
8.0
2.4
2.2
11.7
2.3
1.2
3.7
4.7
3.1
2.2
2.5
2.1
2.6
1.8
2.6
2.5
2.1","2.3
1.4
2.1
1.6
5.3
1.3
2.1
2.6
5.7
2.2
0.8
2.0
2.7
1.3
1.2
1.6
2.6
2.3
1.1
1.9
1.3
2.0","16.4
11.5
12.0
15.4
12.7
30.1
11.1
11.4
37.0
10.7
18.8
13.1
12.5
10.3
17.6
11.2
10.2
11.7
24.0
13.0
11.4
11.0","11.7
11.3
13.6
9.6
23.5
8.7
13.1
9.8
26.3
12.2
8.2
10.9
10.7
6.3
7.9
11.4
16.1
13.0
9.2
13.5
8.7
12.0"
,Ilocos Sur,,"Alilem Banayoyo Bantay Burgos Cabugao Candon City Caoayan Cervantes Galimuyod
Gregorio del Pilar Lidlidda Magsingal Nagbukel Narvacan
Quirino Salcedo San Emilio
San Esteban San Ildefonso San Juan San Vicente Santa
Santa Catalina Santa Cruz Santa Lucia Santa Maria Santiago
Santo Domingo Sigay
Sinait Sugpon Suyo Tagudin Vigan City","37.5
19.2
13.2
26.4
23.5
17.5
12.5
38.2
33.5
29.3
21.6
18.9
26.0
17.2
35.8
30.8
33.8
19.0
16.8
13.9
10.7
20.0
6.3
33.2
21.8
17.2
24.0
17.1
36.2
16.7
51.7
39.8
23.7
6.9","27.4
20.9
16.4
26.5
20.7
17.8
14.4
24.5
20.6
26.1
17.3
18.1
28.4
17.7
27.2
22.7
23.7
15.7
15.4
18.0
12.9
13.6
11.7
24.0
25.1
16.9
20.9
16.4
27.2
18.7
35.4
24.4
20.6
12.4","5.8
3.2
2.4
2.6
2.2
2.2
2.1
5.1
3.7
6.2
3.6
2.7
4.4
2.0
5.8
3.8
4.9
3.7
2.7
2.3
2.7
2.4
2.2
2.3
2.3
2.2
2.7
2.0
7.5
2.6
7.2
5.3
2.1
1.6","2.4
2.6
1.9
3.2
2.4
2.0
1.4
3.6
2.8
3.4
3.4
2.5
4.6
1.9
4.3
2.8
4.7
2.9
2.4
2.3
2.8
2.3
2.3
2.3
2.8
2.1
2.4
2.0
5.5
2.5
7.4
4.4
1.9
1.6","15.5
16.9
18.4
9.9
9.2
12.6
17.1
13.2
11.0
21.0
16.4
14.4
16.7
11.7
16.2
12.2
14.6
19.6
15.9
16.7
24.8
12.0
35.2
7.0
10.6
13.0
11.1
11.5
20.7
15.5
14.0
13.2
8.9
23.2","8.6
12.6
11.3
12.2
11.4
11.0
9.9
14.6
13.8
13.1
19.9
13.9
16.0
11.0
15.8
12.5
19.9
18.6
15.4
12.8
21.5
16.9
19.6
9.7
11.2
12.7
11.4
12.3
20.1
13.2
20.9
18.1
9.3
12.9"
,La Union,,"Agoo Aringay Bacnotan Bagulin Balaoan Bangar Bauang Burgos Caba Luna Naguilian Pugo Rosario
San Fernando City San Gabriel
San Juan Santo Tomas Santol Sudipen Tubao","23.2
32.9
18.6
49.5
27.8
27.3
20.5
40.8
29.6
23.5
27.0
27.6
26.0
14.4
39.9
25.6
33.4
39.7
33.1
31.4","21.3
26.0
21.1
35.1
26.6
27.9
20.3
26.2
25.2
24.7
21.9
27.4
24.8
15.0
29.7
22.7
22.7
32.7
25.8
26.2","2.0
3.2
1.9
5.5
3.0
2.3
2.0
5.1
3.5
2.1
2.4
3.4
2.1
1.7
4.0
2.3
3.2
5.1
3.5
3.4","2.2
3.5
1.8
3.6
2.2
3.3
2.2
2.8
1.8
2.9
2.8
2.6
3.6
1.3
4.0
2.8
1.4
3.2
3.6
3.5","8.8
9.6
10.3
11.2
10.6
8.3
9.9
12.5
11.7
8.8
9.0
12.2
8.2
11.7
10.0
9.1
9.7
12.8
10.4
10.8","10.3
13.4
8.4
10.2
8.2
11.9
10.7
10.6
7.2
11.8
12.9
9.4
14.4
8.9
13.6
12.3
6.3
9.8
14.0
13.3"
,Pangasinan,,"Agno Aguilar
Alaminos City Alcala
Anda Asungan Balungo Bani Basista Bautista Bayambang Binalonan Binmaley Bolinao Bugallon Burgos Calasiao
Dagupan City Dasol
Infanta Labrador Lingayen Mabini Malasiqui Manaoag Mangaldan Mangatarem Mapandan Natividad Possorubio Rosales
San Carlos City","32.1
31.1
24.8
24.4
31.6
22.2
31.7
29.9
29.9
30.1
27.4
17.3
22.7
35.7
30.1
33.5
23.1
15.7
31.0
39.0
31.7
24.0
40.3
28.2
22.4
22.7
30.8
23.8
19.9
24.3
26.4
29.5","28.4
26.0
19.9
20.3
25.9
20.4
21.4
21.0
24.6
23.4
24.2
14.8
17.5
28.7
24.8
28.7
17.2
13.9
25.3
24.0
18.6
18.3
21.5
24.5
22.3
17.8
25.5
21.3
21.5
20.0
17.9
26.4","2.9
3.1
2.2
2.8
3.2
2.6
3.5
2.8
4.1
3.6
2.0
2.0
2.0
3.0
2.9
3.4
2.5
2.5
3.1
3.8
3.9
2.6
3.6
2.0
2.3
2.2
1.9
3.2
2.8
2.1
2.2
1.8","3.3
2.1
2.0
1.5
2.1
2.0
2.1
1.1
1.2
2.2
1.9
1.4
1.7
2.8
1.9
2.8
1.9
1.0
2.4
2.6
1.8
1.1
1.6
1.5
2.5
1.3
2.0
2.1
2.8
1.4
1.9
1.9","9.0
9.9
8.8
11.5
10.0
11.5
11.1
9.4
13.6
11.8
7.1
11.6
8.8
8.4
9.5
10.1
10.7
15.9
9.9
9.8
12.2
11.0
8.8
7.2
10.4
9.7
6.0
13.4
14.1
8.7
8.2
6.2","11.5
8.1
10.1
7.5
8.0
10.0
10.0
5.3
5.0
9.4
7.9
9.7
9.6
9.7
7.6
9.8
11.1
7.0
9.6
11.0
9.9
5.8
7.6
6.3
11.2
7.0
8.0
10.0
12.8
7.2
10.4
7.3"
Region,,Province,Municipality/City,Poverty Incidence,,Standard Error,,Coefficient of Variation,
,,,,2006,2009,2006,2009,2006,2009
,,,"San Fabian San Jacinto San Manuel San Nicolas San Quintin Santa Barbara Santa Maria Santo Tomas Sison
Sual Tayug Umingan Urbiztondo
Urdaneta City Villasis
Laoac","32.8
24.2
28.2
25.3
26.0
28.2
24.2
22.8
29.2
36.7
15.5
38.5
33.2
18.9
19.4
26.5","22.1
21.1
21.3
18.9
20.5
20.4
18.3
17.5
18.9
26.7
16.4
22.9
31.7
14.4
17.0
21.0","2.5
2.8
3.3
2.1
2.9
2.4
2.6
3.7
2.7
3.2
2.6
2.5
3.1
2.1
2.7
2.7","2.3
2.6
2.1
1.2
2.3
2.1
2.5
1.2
1.7
1.3
1.2
2.2
3.0
1.2
1.7
1.2","7.5
11.6
11.7
8.3
11.3
8.4
10.5
16.3
9.1
8.8
16.9
6.5
9.3
11.1
14.0
10.0","10.3
12.3
10.0
6.6
11.2
10.2
13.8
6.6
8.8
4.9
7.3
9.6
9.6
8.4
9.8
5.9"
Region II,Batanes,,Basco Itbayat Ivana Mahatao Sabtang Uyugan,"4.1
18.2
21.9
13.5
10.0
6.0","5.1
12.6
8.9
8.9
11.4
8.1","2.0
6.4
12.0
4.7
5.0
3.2","1.9
4.2
3.8
3.8
3.9
3.2","49.4
35.0
54.8
34.6
50.0
54.3","36.8
33.4
42.2
42.8
33.8
39.6"
,Cagayan,,"Abulog Alcala Allacapan Amulung Aparri Baggao Ballesteros Buguey Calayan
Camalaniugan Claveria  Enrile Gattaran Gonzaga  Iguig
Lal-lo Lasam Pamplona Penablanca Piat
Rizal Sanchez-Mira Santa Ana
Santa Praxedes Santa Teresita Santo Nino Solana
Tuao Tuguegarao City","18.0
22.3
23.8
36.7
17.1
30.0
16.7
20.8
24.2
19.5
10.8
24.8
24.6
19.9
22.3
15.3
18.5
19.7
24.5
29.3
28.1
12.8
14.7
12.2
18.6
28.0
32.8
32.3
7.7","21.6
21.8
21.2
27.9
15.4
22.6
22.7
22.4
27.7
16.9
15.1
19.8
19.2
16.6
19.5
16.7
18.2
20.7
18.2
22.5
26.1
13.4
16.3
17.2
18.6
26.3
22.5
22.7
8.5","3.2
2.2
3.9
4.2
2.9
2.5
2.6
2.6
4.8
2.7
2.1
3.4
2.3
3.0
3.7
2.5
2.2
3.5
4.0
4.0
3.3
2.3
3.7
3.6
3.0
3.4
3.8
4.0
2.1","2.6
2.3
2.6
2.1
1.7
1.9
2.5
2.3
4.1
1.9
1.8
2.3
1.9
2.4
2.3
2.2
2.2
2.6
2.4
2.8
2.8
2.2
2.7
3.7
3.1
3.0
2.0
2.3
1.1","17.6
9.7
16.1
11.5
17.1
8.3
15.8
12.4
19.7
13.9
19.3
13.8
9.5
15.2
16.4
16.1
12.1
17.9
16.1
13.7
11.8
18.0
25.4
29.8
16.3
12.1
11.5
12.4
27.0","12.1
10.4
12.4
7.5
11.2
8.6
11.1
10.2
14.9
11.5
12.1
11.5
9.9
14.5
11.7
13.1
11.8
12.4
13.0
12.5
10.9
16.6
16.2
21.4
16.5
11.2
8.8
10.2
12.9"
,Isabela,,"Alicia Angadanan Aurora
Benito Soliven Burgos Cabagan Cabatuan Cauayan City Cordon Dinapigue Divilican Echague Gamu
Ilagan Jones Luna
Maconacon Delfin Albano Mallig Naguilian Palanan Quezon Quirino Ramon
Reina Mercedes Roxas
San Agustin San Guillermo San Isidro San Manuel San Mariano San Mateo San Pablo Santa Maria Santiago City Santo Tomas Tumaini","18.3
26.9
15.9
32.0
19.1
22.9
13.7
16.8
20.4
13.6
25.3
20.4
14.8
21.6
20.5
16.1
10.1
19.1
23.6
22.9
21.3
21.4
24.8
15.7
23.5
16.1
19.6
36.1
18.5
22.7
29.8
14.3
24.9
28.3
9.8
23.5
23.8","17.2
18.9
16.4
25.4
18.2
16.6
12.7
15.9
16.3
13.8
23.6
15.2
14.8
15.3
15.5
13.8
9.9
19.9
23.8
18.7
19.8
23.8
20.4
16.3
14.0
15.8
11.8
21.6
17.3
20.5
24.2
14.6
19.7
24.4
10.8
18.5
19.8","2.0
3.0
2.3
5.0
3.0
3.1
2.1
1.9
2.6
5.3
6.8
1.9
2.7
2.2
2.8
2.4
2.9
2.3
3.1
2.7
4.2
3.0
3.7
2.7
3.6
2.3
2.7
6.6
2.9
2.9
4.5
2.0
3.7
4.1
2.2
3.4
2.5","2.0
1.8
1.9
2.9
3.3
1.8
2.1
1.5
2.0
4.9
4.1
1.4
2.6
1.3
2.1
2.2
2.4
2.2
2.7
2.0
2.9
3.4
2.2
2.1
2.5
2.1
2.0
2.5
2.7
2.4
2.0
2.1
3.3
2.9
1.6
2.4
1.8","11.1
11.1
14.2
15.5
15.7
13.6
15.5
11.4
12.5
39.2
26.7
9.1
18.1
10.1
13.9
15.2
29.0
12.0
13.1
11.6
19.6
13.9
14.8
17.3
15.3
14.3
13.7
18.2
15.6
12.9
15.0
13.9
14.8
14.4
22.1
14.5
10.6","11.8
9.4
11.9
11.3
18.1
11.0
16.8
9.6
12.4
35.3
17.4
9.2
17.7
8.3
13.7
16.2
24.3
11.2
11.4
10.5
14.9
14.2
10.8
13.1
17.9
13.2
17.1
11.6
15.6
11.9
8.3
14.2
16.7
11.8
14.3
12.9
9.0"
,Nueva Vizcaya,,"Ambaguio Aritao Bagabag Bambang Bayombong Diadi
Dupax del Norte Dupax del Sur Kasibu
Kayapa Quezon Santa Fe Solano Villaverde
Alfonso Castaneda","17.8
12.7
12.9
10.8
7.1
18.8
16.5
15.0
15.8
15.8
18.5
15.2
6.9
12.3
14.1","15.5
16.2
13.4
11.3
8.6
17.6
11.4
15.4
13.6
16.1
16.6
11.4
10.1
11.1
14.0","4.5
2.4
2.2
1.7
1.6
2.8
3.0
3.1
2.9
3.1
3.3
5.1
1.4
3.1
3.9","3.9
2.1
2.2
1.5
1.4
2.1
2.5
2.5
2.1
2.4
3.3
2.6
1.7
2.7
4.6","25.3
19.0
16.8
15.8
22.9
14.8
18.2
20.5
18.4
19.5
17.9
33.4
20.8
25.1
27.4","25.1
13.1
16.2
13.6
16.7
12.1
21.6
16.4
15.5
14.9
19.6
23.1
17.3
24.4
33.1"
,Quirino,,Aglipay Cobarronguis Diffun Madella Saguday,"22.0
12.1
23.0
17.5
20.1","16.3
11.8
17.5
14.4
18.8","3.1
2.5
2.9
2.7
3.4","2.4
2.3
1.9
2.0
3.3","14.3
21.0
12.6
15.4
16.8","14.8
19.5
10.6
13.9
17.5"
Region,,Province,Municipality/City,Poverty Incidence,,Standard Error,,Coefficient of Variation,
,,,,2006,2009,2006,2009,2006,2009
,,,Nagtipunan,23.4,15.4,5.3,3.1,22.6,20.1
Region III,Bataan,,"Abucay Bagac
City of Balanga Dinalupihan Hermosa Limay Mariveles Morong
Orani Orion Pilar Samal","8.7
15.7
7.8
12.6
13.5
6.6
12.1
16.1
11.3
9.5
7.2
15.3","7.0
19.7
5.9
11.7
12.6
7.4
7.2
20.8
10.4
9.5
8.9
12.0","2.2
3.3
1.7
2.1
2.5
2.3
2.2
4.5
1.8
1.9
1.7
3.2","2.1
3.3
1.2
1.9
2.0
2.4
1.8
4.8
1.8
1.8
2.0
2.2","24.9
21.0
21.4
16.5
18.1
34.5
18.3
28.0
16.0
19.9
23.5
21.2","29.5
16.8
21.1
16.2
16.0
32.5
24.7
22.9
17.6
19.0
23.0
18.0"
,Bulacan,,"Angat Balagtas Baliuag Bocaue Bulacan Bustos Calumpit Guiguinto Hagonoy Malolos Marilao Meycauayan Norzagaray Obando Pandi Paombong Plaridel Pulilan
San Idelfonso
San Jose Monte City San Miguel
San Rafael Santa Maria
Dona Remedios Trinidad","11.4
4.7
4.3
4.0
5.2
10.0
5.3
5.0
6.7
3.6
6.6
4.2
10.2
6.2
14.1
7.6
5.2
10.6
18.2
5.0
13.8
11.4
5.6
48.3","7.8
5.5
5.7
3.4
3.6
8.1
6.4
4.1
8.6
5.2
3.4
4.5
10.0
6.8
7.6
7.1
5.0
6.9
12.3
5.8
11.8
8.3
5.0
35.2","2.3
1.8
1.3
1.6
1.7
2.6
1.0
1.4
1.5
0.9
1.7
1.2
3.4
2.0
2.5
2.1
1.4
2.2
2.2
0.9
1.8
1.9
1.2
7.2","1.9
1.9
1.3
1.4
1.3
2.0
1.5
1.3
1.6
0.8
1.3
1.3
2.4
2.1
1.7
1.8
1.5
1.4
1.5
1.1
1.6
1.4
1.3
5.4","19.9
38.3
29.1
38.5
33.2
25.7
19.2
28.2
22.5
24.0
26.1
28.3
33.1
32.9
18.1
28.2
27.3
20.2
11.9
18.8
13.3
16.6
21.5
15.0","24.9
33.9
22.6
40.6
36.9
24.3
22.8
31.3
18.4
15.5
37.1
27.9
24.0
30.8
22.0
25.5
29.4
20.8
12.0
19.0
13.5
16.3
26.2
15.4"
,Nueva Ecija,,"Allaga Bongabon Cabanatuan City Cabiao Carranglan Cuyapo Gabaldon Gapan City
Gen Mamerio Natividad Gen Tinio
Guimba Jaen Laur Licab Llanera Lupao
Munoz City Nampicuan Palayan City Pantabangan Penafranda Quezon Rizal
San Antonio San Isidro Sab Jose City San Leonardo Santa Rosa
Santo Domingo Talavera Talugtug Zaragoza","30.5
29.5
12.2
17.2
38.4
26.1
32.4
14.9
33.2
19.7
35.1
22.5
30.5
22.2
32.1
34.6
26.0
28.1
15.4
34.1
16.4
29.2
30.2
23.4
14.6
24.5
19.8
24.6
30.8
21.2
42.2
20.2","25.4
21.7
10.9
15.2
32.3
27.2
29.2
14.0
26.8
15.7
25.2
19.0
31.2
25.5
25.7
26.4
21.4
25.8
16.0
21.8
11.3
26.7
19.3
17.2
11.8
19.1
13.6
15.0
20.3
18.3
36.0
19.3","4.0
2.8
1.2
2.7
4.4
2.5
3.9
2.5
4.3
4.9
3.3
2.7
3.6
3.5
4.1
3.7
2.7
4.1
2.6
4.4
3.9
3.8
3.3
4.1
3.1
3.2
3.5
2.8
4.3
2.4
4.3
3.0","3.6
2.8
1.1
2.5
4.0
2.4
3.4
2.0
3.1
3.3
2.3
2.7
3.5
4.1
3.1
3.3
2.6
3.3
2.1
3.2
3.1
3.3
2.4
3.3
2.7
2.2
2.5
2.0
2.5
1.8
3.0
2.6","13.1
9.3
9.8
15.7
11.5
9.4
12.1
16.5
12.9
24.8
9.5
11.9
11.6
15.8
12.6
10.8
10.4
14.6
17.0
12.8
23.5
12.9
10.9
17.5
20.9
13.1
17.4
11.5
13.8
11.4
10.2
15.0","14.2
13.0
9.9
16.4
12.4
8.9
11.6
14.3
11.4
20.8
9.1
14.2
11.1
16.1
11.8
12.3
12.0
12.9
13.0
14.5
27.1
12.2
12.5
18.9
22.5
11.7
18.6
13.0
12.3
10.1
8.3
13.6"
,Pampanga,,"Angeles City Apalit  Arayat Bacolor Candaba
Floridablanca Guagua Lubao Mabalacat Macabebe Magalang Masantol Mexico Minalin  Porac
San Fernando City San Luis
San Simon Santa Ana Santa Rita Santo Tomas Sasmuan","5.5
9.6
9.4
5.5
22.5
8.1
4.1
10.5
7.0
10.2
10.8
14.9
7.4
6.4
11.1
4.3
20.3
8.7
13.0
5.7
5.1
12.1","5.0
9.1
8.7
6.2
17.7
13.4
7.4
10.6
7.2
9.2
8.1
9.1
7.7
9.0
11.3
4.8
16.2
9.1
11.0
9.4
6.0
11.5","1.1
2.3
1.9
2.1
3.0
1.6
1.0
1.7
2.3
2.1
2.0
2.5
1.6
2.0
2.3
1.0
4.1
2.1
3.0
2.3
2.1
2.5","1.1
2.1
1.6
1.8
2.7
1.6
1.3
1.5
2.1
1.9
1.9
2.2
1.4
2.1
2.1
1.1
2.9
2.4
2.4
2.8
2.3
2.3","19.3
24.3
20.6
38.0
13.3
20.0
23.9
16.3
33.4
20.9
18.8
16.8
21.4
31.6
20.7
22.8
20.0
23.8
23.0
40.5
40.4
20.3","22.4
22.7
18.3
28.3
15.3
11.6
17.9
13.9
29.5
20.9
23.4
24.0
18.5
22.8
18.3
22.9
17.7
25.8
22.0
30.3
39.3
20.3"
,Tarlac,,"Anao Bamban Camiling Capas Concepcion Gerona
La Paz Mayantoc Moncada Paniqui Pura Ramos
San Clemente San Manuel Santa Ignacia Tarlac City Victoria","13.9
7.6
10.7
11.3
12.4
13.9
21.2
24.2
14.5
8.4
13.3
19.0
24.2
16.7
23.9
7.1
21.6","18.0
10.6
15.8
13.2
13.5
17.6
17.0
28.3
15.9
12.8
14.7
16.7
18.2
17.0
21.8
8.7
20.2","2.4
2.8
1.3
2.9
2.2
1.7
3.0
2.9
2.3
1.4
3.0
3.9
4.8
3.3
3.0
1.0
2.8","3.3
3.4
1.8
2.5
1.9
2.2
2.5
4.0
2.1
1.6
2.7
3.2
3.1
3.1
2.9
0.8
2.7","17.3
37.2
12.1
25.9
17.5
12.0
13.9
12.1
16.0
16.5
22.4
20.7
19.9
19.6
12.6
14.6
13.1","18.1
32.0
11.6
19.3
13.9
12.4
14.5
14.0
13.4
12.5
18.1
19.2
17.3
18.4
13.1
9.5
13.3"
Region,,Province,Municipality/City,Poverty Incidence,,Standard Error,,Coefficient of Variation,
,,,,2006,2009,2006,2009,2006,2009
,,,San Jose,37.8,32.1,5.8,3.9,15.3,12.1
,Zambales,,"Botolan Cabanglan Candelabra Castillejos Iba Masinloc
Olongapo City Paluig
San Antonio San Felipe San Marcelino San Narciso Santa Cruz Subic","22.4
9.2
13.1
6.2
10.9
15.1
4.7
19.2
11.4
7.7
12.5
9.0
18.2
7.9","17.4
21.2
18.2
12.5
12.5
18.2
4.5
21.3
12.0
14.5
14.8
10.7
18.7
11.5","4.3
2.2
2.7
2.1
3.0
2.5
1.3
3.3
3.0
2.2
2.5
1.7
2.6
1.9","2.4
2.7
2.9
2.6
2.8
3.4
1.6
2.7
2.1
3.7
2.0
2.1
2.7
2.5","19.2
24.2
20.5
34.4
27.1
16.4
28.2
17.2
26.8
28.5
19.9
19.0
14.3
24.3","14.0
12.5
16.1
21.1
22.2
18.4
35.1
12.7
17.8
25.4
13.5
19.4
14.3
21.8"
,Aurora,,Baler Casiguran Dilasag Dinalungan Dingalan Dipaculao Maria Aurora San Luis,"11.6
29.1
34.8
31.0
29.3
28.5
18.4
26.0","9.6
19.7
19.2
25.6
14.5
17.9
13.2
13.8","2.6
4.0
5.6
5.0
5.6
3.7
2.3
3.9","2.2
3.5
3.9
4.9
4.2
3.1
2.0
3.1","22.2
13.7
16.0
16.2
18.9
12.9
12.3
14.9","23.4
17.5
20.4
19.2
28.8
17.3
15.4
22.0"
Region IV-A,Batangas,,"Agoncillo Alitagtag Balayan Balete Batangas City Bauan Calaca Calatagan Cuenca
Ibaan Laurel Lemery Lian Lipa City Lobo Mabini Malvar
Mataas Na Kahoy Nasugbu
Padre Garcia Rosario
San Jose San Juan San Luis San Nicolas San Pascual
Santa Teresita Santo Tomas Taal
Talisay
City Of Tanauan Taysan
Tingloy Tuy","19.3
7.5
17.2
24.6
8.1
6.1
28.1
28.8
8.7
14.8
29.8
19.6
25.6
5.1
39.5
12.6
7.5
8.7
17.9
17.3
22.3
11.6
24.1
14.9
8.5
7.4
12.5
10.0
4.6
7.5
7.1
21.2
44.0
26.6","15.4
8.6
14.1
17.2
7.1
2.7
17.8
21.9
9.9
12.1
21.8
14.3
16.5
3.9
19.1
11.7
6.5
9.8
17.3
16.5
16.8
11.2
15.4
9.5
5.3
5.8
9.4
8.6
4.1
5.6
4.0
16.6
26.2
18.0","3.2
2.2
2.1
4.4
1.0
1.5
3.5
3.2
2.5
2.6
4.5
2.3
3.5
1.1
5.2
2.0
2.1
2.2
2.5
3.7
2.7
2.6
2.6
2.9
2.2
1.8
2.7
2.0
1.2
1.9
1.2
3.4
5.0
3.4","1.9
1.5
1.3
2.8
0.7
0.7
1.7
2.4
1.6
1.8
2.5
1.3
2.4
0.6
2.1
1.5
1.5
2.0
2.0
2.5
1.4
1.7
1.7
1.6
1.5
1.2
2.0
1.4
1.0
1.5
0.7
2.0
2.7
1.9","16.6
28.8
12.2
18.0
11.7
23.8
12.5
11.0
29.2
17.3
15.1
11.6
13.6
20.9
13.1
15.8
27.6
24.8
13.7
21.1
12.0
22.1
10.8
19.1
26.2
23.9
22.0
19.7
25.4
25.5
17.4
16.1
11.4
12.9","12.1
17.0
9.0
16.2
9.7
24.4
9.4
10.8
16.5
15.0
11.3
8.9
14.7
16.3
10.7
12.9
22.2
20.1
11.3
15.4
8.1
15.3
11.0
17.1
27.5
20.1
20.8
16.3
23.2
26.3
16.6
12.2
10.5
10.6"
,Cavite,,"Alfonso Amadeo Bacoor Carmona Cavite City Dasmariñas
General Emilio Aguinaldo General Trias
Imus Indang Kawit Magallanes
Maragondon
Mendez (Mendez-Nuñez) Naic
Noveleta Rosario Silang Tagaytay City Tanza Ternate
Trece Martires City Gen. Mariano Alvarez","17.3
13.4
5.2
5.0
4.7
5.2
22.0
4.8
3.0
9.6
5.8
28.7
22.2
7.6
11.6
2.9
7.8
11.6
7.6
8.3
12.0
3.9
4.4","13.8
6.3
3.6
3.4
5.5
5.3
13.7
3.5
2.3
6.7
4.8
19.4
16.3
4.5
8.4
3.0
5.9
11.0
5.6
5.4
16.5
4.3
5.7","2.4
2.4
1.0
1.9
0.8
1.1
3.5
1.6
0.6
1.7
1.4
4.6
3.1
2.1
2.0
1.1
2.0
1.8
1.7
1.4
3.6
1.4
1.2","1.6
1.2
0.6
1.7
0.9
0.8
2.1
1.0
0.4
0.9
1.1
2.7
2.2
1.1
1.5
1.0
1.3
1.3
1.0
1.0
2.8
1.3
1.1","14.1
17.8
19.7
37.3
16.7
21.5
15.9
34.2
19.7
17.6
23.7
16.1
14.1
27.6
17.3
39.4
25.8
15.4
21.9
16.5
30.0
35.6
28.0","11.9
19.2
17.1
48.4
15.5
15.8
15.4
29.3
16.2
13.5
22.5
13.8
13.3
23.5
18.1
34.8
22.4
11.6
18.4
17.8
16.8
30.9
19.7"
,Laguna,,"Alaminos Bay Biñan Cabuyao
Calamba City Calauan Cavinti
Famy Kalayaan Liliw
Los Baños Luisiana Lumban Mabitac Magdalena Majayjay Nagcarlan Paete Pagsanjan Pakil Pangil
Pila Rizal
San Pablo City San Pedro Santa Cruz Santa Maria Santa Rosa City","5.4
6.3
2.0
2.9
2.4
16.6
13.5
15.8
17.7
10.5
2.6
8.7
6.9
11.4
12.4
24.4
9.4
2.2
2.8
14.4
11.8
5.3
5.7
3.5
1.9
3.4
20.6
1.7","6.4
2.8
1.7
1.7
2.0
12.0
11.5
11.0
12.8
7.6
1.6
8.2
7.2
14.4
13.8
13.4
7.3
3.2
2.8
8.9
7.4
3.4
5.8
2.7
1.4
2.3
16.8
1.5","1.6
1.8
0.8
1.1
0.7
3.2
3.3
3.9
7.0
2.0
1.1
2.6
1.8
3.1
2.6
4.2
1.8
1.3
1.1
3.2
3.9
1.9
2.4
0.7
0.9
1.1
3.1
0.8","1.6
1.0
0.7
0.7
0.5
1.9
1.9
2.5
5.0
1.5
0.8
1.5
1.7
2.7
2.1
1.7
1.2
1.7
0.9
2.2
2.2
1.0
1.7
0.5
0.6
0.8
2.1
0.6","30.4
28.8
40.9
38.1
29.8
19.2
24.2
24.7
39.4
19.1
41.3
29.6
26.0
27.0
21.1
17.4
19.4
61.8
38.2
21.8
32.8
35.6
41.8
19.9
49.0
32.7
15.0
46.0","25.5
36.5
43.1
38.9
25.9
16.1
16.5
22.6
39.4
19.2
46.0
17.9
23.5
18.7
15.2
12.7
16.9
53.3
32.9
24.6
29.3
30.4
30.1
19.8
41.1
33.5
12.2
40.1"
Region,,Province,Municipality/City,Poverty Incidence,,Standard Error,,Coefficient of Variation,
,,,,2006,2009,2006,2009,2006,2009
,,,Siniloan Victoria,"9.5
5.6","11.4
3.7","2.2
2.6","2.2
1.5","22.6
45.5","19.7
39.1"
,Quezon,,"Agdangan Alabat Atimonan Buenavista Burdeos Calauag Candelaria Catanauan Dolores General Luna General Nakar Guinayangan Gumaca Infanta Jomalig
Lopez Lucban Lucena City Macalelon Mauban Mulanay Padre Burgos Pagbilao Panukulan Patnanungan Perez
Pitogo Plaridel Polillo Quezon Real Sampaloc San Andres San Antonio
San Francisco (Aurora) San Narciso
Sariaya Tagkawayan Tayabas Tiaong Unisan","41.9
30.0
16.6
74.4
52.3
43.4
10.0
50.0
16.6
42.4
49.7
46.9
19.7
26.4
74.9
38.9
12.2
5.4
55.7
29.3
66.3
33.6
12.9
54.9
71.2
50.5
37.0
15.6
36.5
49.8
26.0
18.7
78.3
15.8
63.5
68.7
21.0
41.8
12.4
16.2
40.4","19.8
17.0
12.7
34.9
39.3
25.8
10.6
27.8
13.3
27.5
27.8
27.5
16.7
15.0
39.0
21.7
5.2
3.6
29.5
21.5
31.5
17.2
13.4
34.5
36.0
29.7
24.2
12.3
27.0
29.2
17.1
11.9
39.0
16.7
41.4
41.1
14.5
23.7
10.5
13.8
21.2","5.6
4.0
2.4
5.4
5.5
3.9
2.2
4.7
4.1
3.8
5.5
4.5
2.3
3.5
7.6
3.6
2.4
1.5
5.7
3.2
6.4
4.4
2.3
6.3
8.0
6.1
3.6
3.9
4.5
4.6
3.9
4.3
6.4
2.9
5.8
5.0
2.9
4.3
2.1
2.8
4.3","2.6
1.9
1.4
2.3
3.8
1.8
1.6
2.0
2.5
2.5
3.0
1.8
1.6
2.3
5.1
1.4
1.3
0.9
2.5
1.9
2.5
2.4
2.0
3.3
5.7
3.3
2.0
2.2
2.2
2.5
2.0
2.2
5.2
2.4
3.3
3.3
1.7
2.0
1.4
1.9
1.6","13.4
13.3
14.5
7.2
10.5
8.9
22.0
9.4
24.4
9.0
11.1
9.6
11.7
13.1
10.1
9.3
19.5
27.3
10.3
10.9
9.7
13.1
17.5
11.5
11.3
12.2
9.7
24.8
12.2
9.2
14.9
23.1
8.1
18.1
9.2
7.3
13.6
10.2
16.6
17.5
10.7","12.9
11.3
11.1
6.5
9.6
6.8
15.1
7.1
18.4
9.0
10.9
6.5
9.3
15.2
13.2
6.5
24.7
24.7
8.3
9.0
7.9
13.7
14.9
9.5
15.8
11.2
8.2
17.7
8.3
8.6
11.8
18.8
13.3
14.4
7.9
8.1
11.8
8.3
13.0
13.5
7.6"
,Rizal,,"Angono Antipolo City Baras Binangonan Cainta Cardona Jala-Jala
Rodriguez (Montalban) Morong
Pililla
San Mateo Tanay Taytay Teresa","2.5
4.7
9.0
5.0
2.8
6.5
14.9
5.8
4.8
5.7
3.6
10.4
2.8
2.7","2.4
3.6
11.4
4.0
1.4
5.5
15.7
4.5
2.2
5.9
2.2
10.5
3.2
3.3","1.6
1.5
3.3
1.3
1.7
2.0
3.5
2.3
2.2
2.0
1.4
2.7
1.8
1.5","1.2
1.0
2.8
0.8
0.8
1.6
2.5
1.6
1.1
2.0
0.8
2.0
1.5
1.6","62.2
33.0
36.1
26.1
59.4
30.7
23.5
38.5
44.9
35.1
38.0
25.5
63.7
55.1","49.4
29.3
24.8
19.5
56.6
28.3
16.0
35.3
50.0
33.3
37.6
18.9
47.1
47.3"
Region IV-B,Marinduque,,Boac Buenavista Gasan Mogpog Santa Cruz Torrijos,"24.7
50.3
39.4
31.8
40.9
50.0","26.5
36.9
30.7
26.8
30.6
35.2","2.9
5.1
4.7
3.5
4.2
3.9","2.3
4.8
3.8
3.0
2.6
4.2","11.8
10.1
12.0
10.9
10.4
7.9","8.6
13.0
12.4
11.1
8.5
12.0"
,Occidental Mindoro,,Abra de Ilog Calintaan Looc Lubang Magsaysay Mamburao Paluan Rizal Sablayan San Jose Santa Cruz,"54.8
41.5
30.4
18.3
51.4
30.8
58.7
48.1
46.3
30.1
50.8","37.5
34.2
32.4
23.8
38.3
28.9
38.0
36.0
34.8
29.8
38.1","6.7
6.5
5.0
4.1
6.0
5.4
5.1
5.5
4.1
3.6
6.2","6.1
6.4
5.5
3.7
6.0
5.3
6.0
5.4
4.5
3.0
6.1","12.2
15.7
16.3
22.3
11.7
17.6
8.7
11.5
8.9
12.1
12.2","16.4
18.7
17.0
15.7
15.8
18.2
15.6
15.0
12.9
10.2
16.0"
,Oriental Mindoro,,"Baco Bansud Bongabong Bulalacao Calapan City Gloria Mansalay Naujan Pinamalayan Pola
Puerto Galera Roxas
San Teodoro Socorro Victoria","57.2
45.2
45.2
71.3
21.6
31.3
54.5
43.2
33.0
41.9
35.4
24.3
40.8
36.6
34.4","44.5
39.0
35.8
51.5
23.0
35.5
41.8
38.4
31.7
37.9
23.9
29.7
33.6
36.8
35.2","4.1
5.2
4.0
5.6
3.1
4.5
4.7
2.6
3.1
4.3
6.0
4.0
6.2
4.2
3.6","3.9
5.6
3.4
6.3
2.4
3.7
5.5
3.2
3.1
4.5
4.2
3.8
5.3
4.2
3.4","7.2
11.6
8.9
7.9
14.3
14.2
8.6
6.0
9.3
10.3
17.0
16.5
15.2
11.4
10.5","8.8
14.4
9.4
12.3
10.4
10.5
13.2
8.3
9.7
11.7
17.4
12.9
15.8
11.5
9.6"
,Palawan,,"Aborlan Agutaya Araceli Balabac Bataraza Brooke's Point Busuanga Cagayancillo Coron
Cuyo Dumaran El Nido Linapacan Magsaysay Narra
Puerto Princesa City Quezon
Roxas
San Vicente","37.3
42.8
43.9
52.4
44.2
36.1
40.2
74.5
33.2
28.8
62.2
47.3
63.4
34.8
27.5
9.2
25.4
29.4
38.4","23.4
36.1
35.1
44.2
27.5
26.7
26.5
36.6
28.4
20.4
41.6
29.7
18.1
17.6
21.4
15.5
34.0
24.9
25.6","4.5
8.1
6.2
7.5
5.8
4.6
5.8
7.3
4.9
3.9
6.1
5.5
7.5
5.6
4.2
1.9
5.1
3.5
6.2","4.1
8.6
5.8
8.0
4.5
3.7
4.8
7.7
4.6
3.5
5.7
5.0
5.3
3.6
3.8
2.2
5.6
3.4
4.7","12.0
19.0
14.1
14.3
13.0
12.8
14.5
9.8
14.7
13.5
9.8
11.7
11.9
16.1
15.1
21.2
20.3
11.7
16.1","17.7
23.9
16.5
18.0
16.2
13.7
18.0
21.1
16.1
17.2
13.8
16.9
29.5
20.6
17.5
14.2
16.5
13.6
18.2"
Region,,Province,Municipality/City,Poverty Incidence,,Standard Error,,Coefficient of Variation,
,,,,2006,2009,2006,2009,2006,2009
,,,"Taytay Culion Rizal
Sofronio Espanola","54.5
40.8
43.7
42.0","35.1
28.5
32.7
30.1","4.4
6.0
6.1
5.8","4.1
4.7
5.9
6.0","8.0
14.8
13.9
13.8","11.6
16.3
18.2
19.8"
,Romblon,,"Alcantara Banton Cajidiocan Calatrava Concepcion Corcuera Looc Magdiwang Odiongan Romblon San Agustin San Andres
San Fernando San Jose Santa Fe Ferrol
Santa Maria","32.8
42.4
47.4
47.3
40.3
60.4
33.3
48.8
27.6
51.4
42.5
45.1
53.1
65.8
53.5
42.9
48.8","37.3
38.0
50.4
47.4
41.9
46.6
48.8
45.9
35.9
39.2
43.5
45.5
47.4
50.5
50.1
45.7
45.7","5.2
4.8
5.6
6.3
5.9
6.2
4.5
5.7
3.4
7.6
5.2
5.5
6.0
6.8
5.0
7.1
6.9","6.5
5.9
6.5
8.1
4.9
6.1
6.3
6.7
4.5
5.4
6.1
6.7
6.9
8.4
6.4
7.6
8.0","15.8
11.2
11.8
13.4
14.6
10.2
13.6
11.6
12.2
14.8
12.2
12.2
11.2
10.4
9.3
16.5
14.2","17.4
15.6
12.8
17.2
11.6
13.0
12.9
14.5
12.6
13.8
14.0
14.7
14.5
16.6
12.7
16.6
17.5"
Region V,Albay,,"Bacacay Camalig Daraga (Locsin) Guinobatan Jovellar Legazpi City Libon
Ligao City Malilipot Malinao Manito Oas
Pio Duran Polangui Rapu-Rapu
Santo Domingo Tabacco City Tiwi","40.3
42.1
29.4
39.1
58.3
26.2
55.8
45.9
34.9
47.3
49.0
48.4
57.7
39.2
53.5
32.1
33.3
38.1","40.1
38.7
29.7
37.2
52.7
30.7
48.3
40.5
37.3
40.2
45.4
42.9
51.3
37.8
58.6
34.2
35.1
37.9","3.0
2.6
2.7
2.5
3.8
3.2
3.1
3.0
4.1
3.2
4.1
2.8
3.6
2.8
3.7
3.3
3.4
3.5","2.4
2.2
2.0
2.2
3.7
2.1
2.7
2.2
3.4
2.8
4.1
2.2
3.0
2.4
3.2
2.8
2.3
2.9","7.4
6.2
9.1
6.4
6.6
12.3
5.6
6.5
11.7
6.8
8.3
5.7
6.2
7.0
6.9
10.3
10.2
9.3","6.0
5.8
6.7
5.9
7.1
6.7
5.6
5.3
9.0
7.0
9.1
5.1
5.8
6.2
5.5
8.3
6.5
7.6"
,Camarines Norte,,"Basud Capalonga Daet
San Lorenzo Ruiz Jose Panganiban Labo
Mercedes Paracale San Vicente Santa Elena Talisay Vinzons","36.9
48.4
16.6
43.4
32.9
34.9
42.4
36.2
35.3
50.3
32.1
42.9","38.3
48.2
21.0
45.4
37.3
36.5
43.4
35.6
34.7
43.1
28.6
42.1","3.7
4.3
2.8
6.0
3.3
2.3
3.7
3.2
5.4
5.2
4.2
4.2","2.8
3.3
2.1
5.1
3.0
2.1
3.0
2.8
4.3
3.7
3.1
3.4","10.0
8.9
17.0
13.7
9.9
6.5
8.8
8.9
15.2
10.3
13.2
9.7","7.4
6.8
9.9
11.3
7.9
5.8
7.0
7.8
12.4
8.7
10.9
8.1"
,Camarines Sur,,"Baao Balatan Bato Bombon Buhi Bulaa Cabusao
Calabanga Camaligan Canaman Caramoan Del Gallego Gainza Garchitorena Goa
Iriga City Lagonoy Libmanan Lupi Magarao Milaor Minalabac Nabua Naga City Ocampo Pamplona Pasacao Pili
Presentacion Ragay Sagnay
San Fernando San Jose Sipocot Siruma Tigaon Tinambac","40.1
50.6
38.9
35.4
41.0
46.0
43.8
38.8
22.6
27.3
51.7
51.6
41.3
58.4
33.9
25.8
37.8
51.1
57.5
32.7
36.9
51.5
31.9
16.6
51.1
48.1
50.0
34.0
52.8
47.6
48.3
40.0
35.2
44.0
56.3
39.3
51.3","37.4
50.0
40.1
35.1
44.0
46.0
46.1
42.7
29.4
32.4
53.5
52.4
46.0
59.0
41.2
31.5
46.7
46.9
49.9
40.3
36.6
48.4
35.5
24.4
43.8
46.7
48.7
33.1
50.2
46.4
51.8
41.6
39.1
43.8
58.1
41.9
53.2","3.5
5.1
3.8
5.9
2.9
3.6
5.7
2.8
4.3
3.0
2.9
4.3
6.0
5.1
3.4
2.7
3.1
2.6
3.7
3.7
3.5
4.0
3.1
2.6
3.6
4.4
4.8
3.3
5.6
3.4
3.9
3.7
3.3
2.6
4.4
3.9
3.3","3.4
4.1
2.9
5.1
2.7
3.2
5.6
2.6
4.0
2.8
2.9
3.4
6.2
3.2
2.8
2.5
3.1
2.7
3.4
4.7
3.3
3.6
3.0
2.4
3.1
3.8
4.7
2.4
4.6
3.1
3.6
3.1
3.2
2.7
4.0
2.9
3.3","8.7
10.1
9.8
16.8
7.1
7.7
13.0
7.3
19.2
10.9
5.6
8.2
14.5
8.7
10.1
10.4
8.1
5.1
6.4
11.3
9.6
7.7
9.7
15.3
7.1
9.2
9.6
9.8
10.6
7.2
8.2
9.3
9.4
5.9
7.8
10.0
6.4","8.1
7.1
14.4
6.2
6.9
12.0
6.1
13.5
8.5
5.4
6.6
13.5
5.4
6.8
7.8
6.6
5.7
6.7
11.7
8.9
7.4
8.6
9.8
7.1
8.1
9.6
7.4
9.1
6.6
7.0
7.6
8.1
6.2
6.8
6.9
6.3"
,Catanduanes,,"Bagamanoc Baras
Bato Caramoran Gigmoto Pandan Panganiban San Andres San Miguel Viga
Virac","38.8
48.2
33.1
48.4
44.2
45.9
38.8
39.2
52.2
40.3
19.9","38.0
39.0
30.9
49.7
41.5
45.0
35.0
36.6
36.5
41.2
22.7","4.0
4.4
3.8
3.8
5.1
3.6
3.6
3.5
4.4
3.3
2.2","4.0
2.7
2.7
3.9
4.2
3.2
3.9
2.6
2.9
2.8
1.5","10.2
9.1
11.3
7.9
11.5
7.9
9.1
8.8
8.4
8.1
11.1","10.4
7.0
8.6
7.8
10.0
7.1
11.3
7.1
7.9
6.7
6.4"
,Masbate,,Aroroy Baleno Balud Batuan Cataingan Cawayan Claveria Dimasalang Esperanza,"49.0
41.2
55.1
34.5
52.5
50.9
47.9
46.0
49.9","45.5
39.7
43.1
37.0
41.5
47.6
46.7
41.3
45.5","3.2
4.1
3.9
4.2
3.7
3.5
3.5
4.1
4.1","3.2
3.5
3.7
4.2
2.8
3.2
4.1
3.3
3.5","6.6
10.1
7.1
12.2
7.1
6.8
7.2
9.0
8.2","7.0
8.7
8.7
11.4
6.6
6.7
8.8
7.9
7.6"
Region,,Province,Municipality/City,Poverty Incidence,,Standard Error,,Coefficient of Variation,
,,,,2006,2009,2006,2009,2006,2009
,,,"Mandaon Masbate City Milagros Mobo Monreal Palanas
Pio V. Corpuz Placer
San Fernando San Jacinto San Pascual Uson","52.3
29.1
52.1
45.8
54.9
53.0
40.5
59.0
34.6
39.6
61.7
54.5","41.1
28.9
45.3
37.4
44.7
40.4
43.8
47.0
38.1
39.1
52.7
42.9","4.0
3.1
3.4
3.6
5.0
4.1
4.6
3.8
3.4
4.1
4.4
4.0","3.3
2.3
3.2
3.0
4.2
3.2
3.8
3.2
3.0
3.7
3.4
2.9","7.7
10.5
6.5
7.9
9.0
7.8
11.5
6.5
9.7
10.4
7.1
7.4","8.1
8.0
7.0
8.0
9.4
8.0
8.6
6.8
7.9
9.5
6.5
6.8"
,Sorsogon,,"Bacon Barcelona Bulan Bulusan Casiguran Castilla Donsol Gubat Irosin Juban Magallanes Matnog Pilar
Prieto Diaz
Santa Magdalena Sorsogon City","35.4
37.2
40.7
35.3
41.8
52.9
54.6
31.7
33.4
44.1
53.4
46.7
54.8
40.1
32.4
23.6","36.2
39.1
38.8
32.9
38.9
44.4
47.3
33.6
34.2
41.6
44.6
43.2
44.3
36.7
35.8
27.6","3.1
3.3
2.5
3.6
3.2
3.9
3.1
2.5
3.4
3.9
3.5
2.9
3.2
3.7
4.1
3.2","2.7
3.1
2.6
2.6
3.1
3.0
3.1
2.4
2.7
3.3
3.5
2.8
2.5
3.1
3.8
2.3","8.6
8.8
6.2
10.2
7.6
7.4
5.6
7.9
10.2
8.8
6.6
6.1
5.8
9.1
12.8
13.6","7.5
7.9
6.6
8.0
7.9
6.8
6.6
7.2
7.9
8.0
7.8
6.6
5.5
8.5
10.6
8.3"
Region VI,Aklan,,"Altavas Balete Banga Batan Buruanga Ibajay Kalibo Lezo Libacao Madalag Makato Malay Malinao Nabas
New Washington Numancia Tangalan","34.3
45.1
23.4
27.7
33.8
36.3
7.8
16.0
43.3
51.2
25.6
27.6
37.0
36.6
28.3
11.0
43.6","48.9
52.7
39.6
45.7
47.0
39.6
24.9
39.1
62.3
63.3
48.9
24.8
43.3
36.9
42.0
24.4
42.5","3.7
5.6
2.6
4.1
4.4
2.9
1.7
2.6
4.8
4.3
2.7
4.8
3.5
3.4
3.3
2.2
4.6","4.6
5.0
2.9
4.2
4.5
3.4
3.3
4.1
4.3
4.2
3.8
4.7
4.0
3.5
4.2
2.9
4.8","10.8
12.3
11.2
14.7
13.0
8.0
21.1
16.3
11.2
8.4
10.4
17.3
9.6
9.3
11.7
20.3
10.6","9.4
9.5
7.4
9.2
9.5
8.7
13.2
10.6
6.9
6.6
7.8
19.0
9.2
9.5
10.1
11.7
11.2"
,Antique,,"Anini-Y Barbaza Belizon Bugasong Caluya Culasi
Tobias Fornier Hamtic
Lauan-an Libertad Pandan Patnongon San Jose San Remigio Sebaste Sibalom Tibiao Valderama","37.9
28.5
20.3
31.5
43.4
33.6
31.1
30.6
36.1
36.4
33.9
33.7
12.6
52.0
35.1
33.1
31.7
34.2","45.4
46.3
25.8
39.7
49.7
37.2
44.1
38.5
42.1
37.3
40.1
41.8
23.8
55.5
43.0
37.5
49.6
43.5","4.0
3.0
4.3
3.4
5.0
2.9
3.0
3.0
3.7
4.4
3.0
3.8
1.8
3.8
5.4
2.7
3.8
3.9","4.0
3.6
5.1
3.3
5.6
3.2
3.6
3.4
4.0
4.9
3.7
4.1
3.0
4.1
6.2
2.8
4.3
3.7","10.4
10.6
21.0
10.7
11.6
8.6
9.7
9.8
10.1
12.0
8.9
11.4
14.0
7.3
15.5
8.3
12.0
11.5","8.9
7.7
19.6
8.3
11.3
8.6
8.1
8.9
9.5
13.2
9.2
9.8
12.5
7.3
14.4
7.5
8.7
8.4"
,Capiz,,"Cuartero Dao Dumalag Dumarao Ivisan Jamindan Ma-ayon Mambusao Panay Panitan Pilar Pontevedra
President Roxas Roxas City
Sapi-An Sigma Tapaz","40.9
30.2
38.4
41.2
28.0
47.3
49.7
40.2
23.9
28.0
45.9
33.6
31.8
17.3
40.1
36.5
47.9","27.3
26.2
15.6
26.7
20.2
32.8
25.5
19.4
23.1
22.1
22.2
17.8
20.4
12.1
24.3
17.5
29.0","3.9
4.1
4.1
3.3
4.3
3.9
3.1
3.6
4.0
2.7
3.4
3.4
4.1
1.8
4.3
3.8
3.5","4.7
4.8
3.8
4.5
4.6
4.5
4.0
3.6
3.5
4.1
4.2
3.5
4.4
2.7
4.9
3.7
3.6","9.6
13.6
10.6
7.9
15.3
8.2
6.3
9.0
16.6
9.7
7.5
10.2
12.8
10.2
10.7
10.3
7.2","17.3
18.5
24.4
16.7
22.6
13.6
15.7
18.5
15.0
18.6
18.7
19.5
21.7
22.4
20.1
21.0
12.3"
,Iloilo,,"Ajuy  Alimodian Anilao Badiangan Balasan Banate Barotac Nuevo Barotac Viejo Batad Bingawan Cabatuan Calinog
Carles Concepcion Dingle Duenas Dumangas Estancia Guimbal Igbaras Iloilo City Janiuay Lambunao Leganes Lemery Leon Maasin Miag-ao","34.8
36.5
30.3
23.1
24.0
26.6
19.7
35.2
46.9
38.4
24.6
29.8
51.5
47.4
22.7
30.7
25.2
30.3
21.0
33.0
4.9
27.1
40.7
14.0
34.8
35.3
37.4
28.1","30.9
30.4
31.5
18.5
30.4
19.8
15.9
26.2
33.1
26.8
15.2
29.6
46.8
48.4
17.3
22.3
16.0
22.1
15.8
29.2
7.6
25.8
23.2
15.2
33.8
33.7
22.6
26.1","3.7
3.1
3.8
2.5
2.5
4.0
2.1
3.3
4.6
4.8
2.0
2.4
3.8
4.3
2.2
2.6
2.0
3.4
2.7
3.6
0.9
2.6
3.4
2.3
3.6
2.8
2.8
2.2","3.6
4.0
4.5
2.9
3.9
3.3
2.5
3.8
4.7
5.6
2.0
3.5
5.2
4.7
2.8
3.1
2.3
3.2
2.4
3.8
1.0
2.8
3.3
2.9
4.2
4.4
2.7
2.9","10.6
8.6
12.4
10.9
10.5
15.1
10.6
9.5
9.7
12.6
8.3
8.2
7.4
9.1
9.6
8.4
7.7
11.3
12.9
11.0
17.4
9.5
8.3
16.2
10.2
8.0
7.4
7.9","11.5
13.2
14.2
15.8
12.9
16.6
15.9
14.5
14.3
20.7
13.1
11.8
11.1
9.6
16.2
13.9
14.5
14.3
15.0
12.8
13.3
10.9
14.1
18.8
12.3
13.1
12.1
11.0"
Region,,Province,Municipality/City,Poverty Incidence,,Standard Error,,Coefficient of Variation,
,,,,2006,2009,2006,2009,2006,2009
,,,"Mina
New Lucena Oton
Passi City Pavia Pototan  San Dionisio San Enrique San Joaquin San Miguel San Rafael
Santa Barbara Sara  Tigbauan Tubungan Zarraga","21.2
26.9
18.0
36.5
10.6
18.8
43.2
34.5
36.1
18.4
39.0
14.7
31.7
24.9
37.4
12.2","15.5
16.8
15.8
24.5
10.2
17.3
42.3
28.3
38.3
17.9
30.1
13.5
24.1
23.3
35.5
15.4","3.2
3.5
2.2
2.7
1.9
2.0
4.0
3.0
2.6
2.8
5.6
1.8
2.6
2.0
2.4
2.4","2.9
2.9
2.2
2.9
2.1
2.4
4.6
3.7
4.2
2.9
5.3
2.0
3.1
3.0
4.2
2.6","14.9
12.9
12.4
7.3
18.1
10.8
9.2
8.7
7.2
15.0
14.3
12.3
8.1
7.9
6.5
19.4","18.5
17.3
14.2
12.0
20.3
13.9
10.9
13.0
10.8
15.9
17.5
14.5
12.9
12.9
11.8
16.7"
,Negros Occidental,,"Bacolod City Bago City Binalbagan Cadiz City Calatrava Candoni Cauayan
Enrique B. Magalona Escalante City Himamaylan City Hinigaran
Hinoba-An (Asia) Ilog
Isabela Kabankalan City La Carlota City La Castellana Manapla
Moises Padilla (Magallon) Murcia
Pontevedra Pulupandan Sagay City  San Carlos City San Enrique Silay City Sipalay City Talisay City Toboso Valladolid Victorias City
Salvador Benedicto","3.4
21.2
23.4
26.2
38.3
45.0
44.2
21.9
27.8
30.5
29.1
34.0
27.0
36.1
35.4
17.9
32.4
26.9
40.4
25.1
20.1
17.8
27.7
28.0
21.3
18.7
39.4
11.1
34.5
14.4
18.4
50.1","11.2
20.7
28.9
27.3
39.1
41.9
55.2
24.7
25.6
31.4
30.6
52.8
39.1
33.8
40.9
19.3
29.7
28.4
40.6
20.7
20.4
24.6
28.0
34.0
21.8
17.6
45.9
15.7
31.8
21.2
19.2
55.9","1.0
2.9
4.0
4.2
3.2
6.2
4.5
2.8
3.8
3.6
3.2
4.9
3.7
3.1
3.6
2.8
5.5
5.0
5.7
3.4
3.7
2.1
4.1
3.9
4.5
3.2
4.4
2.0
6.2
2.7
3.0
7.9","2.0
3.0
4.4
3.4
3.4
5.2
4.7
3.2
3.8
3.6
3.9
5.8
4.9
4.0
3.2
3.4
5.2
4.8
5.5
3.8
3.3
3.2
3.2
4.4
5.1
3.7
5.0
2.9
6.1
3.4
3.0
8.1","29.3
13.6
17.0
16.0
8.4
13.7
10.3
12.6
13.8
11.8
11.1
14.3
13.7
8.6
10.3
15.4
16.9
18.6
14.0
13.5
18.5
11.8
14.9
14.1
21.0
17.3
11.2
18.1
18.1
18.7
16.2
15.7","18.2
14.5
15.1
12.5
8.7
12.4
8.6
12.8
14.8
11.4
12.6
10.9
12.4
11.7
7.8
17.5
17.6
16.8
13.5
18.4
16.1
13.1
11.6
12.8
23.4
21.2
11.0
18.7
19.2
16.3
15.4
14.6"
,Guimaras,,"Buenavista Jordan
Nueva Valencia San Lorenzo Sibunag","22.5
24.6
29.7
45.4
42.1","23.9
17.7
36.4
44.0
49.3","2.4
3.4
3.4
5.1
4.6","2.5
3.3
3.9
5.5
5.7","10.6
13.9
11.4
11.3
11.0","10.4
18.4
10.7
12.5
11.6"
Region VII,Bohol,,"Alburquerque Alicia
Anda Antequera Baclayon Balilihan Batuan Bilar Buenavista Calape Canduay Carmen Catigbian Clarin Corella Cortes Dagohoy Danao Dauis Dimiao Duero
Garcia Hernandez Guindulman Inabanga
Jagna Jetafe Lila Loay Loboc Loon Mabini
Maribojoc Panglao Pilar
Pres. Carlos P. Garcia Sagbayan
San Isidro San Miguel Sevilla
Sierra Bullones Sikatuna Tagbilaran City Talibon Trinidad Tubigon
Ubay Valencia Bien Unido","24.8
49.5
47.4
49.9
25.1
48.3
75.3
43.9
56.2
39.9
38.0
75.0
64.3
40.5
27.1
26.4
65.9
64.7
40.5
45.1
38.0
35.3
41.2
48.5
34.2
50.1
36.6
29.7
26.0
39.4
46.5
25.2
30.2
62.2
49.8
57.1
47.8
64.2
59.9
47.7
38.0
10.4
43.9
57.9
41.5
57.2
43.0
45.2","25.4
53.7
49.6
36.8
23.9
51.9
46.8
47.9
55.9
40.4
52.3
55.2
51.3
39.2
32.0
26.9
56.0
62.1
30.1
42.4
51.7
46.8
47.2
47.1
36.4
60.1
42.6
28.4
32.8
38.8
58.4
24.9
33.3
67.1
62.1
48.8
64.0
53.6
52.2
54.4
45.9
11.0
51.4
56.6
37.4
50.1
50.4
63.7","3.9
5.4
4.5
5.2
3.5
3.5
5.6
4.3
3.2
2.8
4.1
5.8
6.7
3.5
4.9
3.6
4.7
4.8
3.9
3.2
3.1
3.1
3.3
2.8
2.7
3.9
4.1
3.4
2.7
3.0
3.9
3.4
4.6
4.0
3.8
6.0
5.2
3.8
4.5
4.0
5.6
1.9
3.8
4.0
3.2
3.3
2.9
4.6","3.3
4.5
4.2
3.1
2.7
2.9
3.4
3.5
3.1
2.7
3.0
3.3
3.4
3.3
4.1
3.6
4.2
4.0
3.6
3.6
3.2
2.8
3.4
2.4
2.2
2.9
3.8
3.0
2.9
2.2
3.2
2.9
4.2
3.9
3.7
3.8
4.8
4.1
3.6
4.3
4.7
2.2
3.2
3.8
2.5
2.9
2.9
4.0","15.8
10.9
9.6
10.4
14.1
7.3
7.4
9.7
5.7
7.0
10.8
7.7
10.4
8.6
18.2
13.7
7.1
7.4
9.5
7.0
8.0
8.8
7.9
5.9
8.0
7.7
11.1
11.5
10.5
7.6
8.5
13.6
15.1
6.5
7.6
10.6
10.9
6.0
7.5
8.4
14.8
18.3
8.7
7.0
7.7
5.7
6.8
10.3","13.1
8.4
8.5
8.4
11.3
5.5
7.3
7.4
5.5
6.6
5.8
5.9
6.7
8.4
12.9
13.4
7.5
6.4
12.1
8.4
6.2
6.0
7.1
5.0
6.1
4.8
8.9
10.4
8.7
5.6
5.5
11.7
12.5
5.8
5.9
7.7
7.6
7.6
6.9
7.9
10.3
19.5
6.2
6.7
6.8
5.8
5.7
6.2"
,Cebu,,Alcantara Alcoy Alegria Aloguinsan Argao Asturias Badian,"47.9
53.0
62.7
61.7
41.7
52.3
60.5","51.2
47.1
62.4
49.4
43.6
44.2
53.5","6.4
5.9
5.0
6.1
2.5
4.6
3.5","4.5
5.2
4.7
4.9
2.4
3.5
3.2","13.2
11.2
8.0
9.8
6.0
8.8
5.8","8.8
10.9
7.5
9.9
5.4
7.9
5.9"
Region,,Province,Municipality/City,Poverty Incidence,,Standard Error,,Coefficient of Variation,
,,,,2006,2009,2006,2009,2006,2009
,,,"Balamban Bantayan Barili Bogo Boljoon Borbon Carcar Carmen Catmon Cebu City
Compostela Consolacion Cordoba Daanbantayan Dalaguete Danao City Dumanjug Ginatilan
Lapu-Lapu City Liloan Madridejos Malabuyoc Mandaue City Medellin Minglanilla Moalboal  Naga
Oslob Pilar
Pinamungahan Poro
Ronda Samboan  San Fernando San Francisco San Remigio Santa Fe Santander Sibonga Sogod Tabogon Tabuelan Talisay City Toledo City Tuburan Tudela","41.6
48.9
51.3
37.7
52.1
51.2
35.0
32.6
43.7
14.5
29.0
22.7
29.0
42.1
54.2
30.7
48.0
41.5
16.6
22.0
45.1
59.4
14.5
39.6
25.9
45.0
31.4
55.1
42.7
41.6
49.3
57.3
49.5
31.0
60.7
50.8
65.0
56.3
42.2
44.6
48.1
66.5
18.6
34.3
58.4
41.7","37.6
55.1
40.7
37.0
48.6
43.7
27.2
31.4
39.9
13.9
27.8
17.4
25.9
42.9
55.6
31.6
47.6
58.0
19.6
18.0
50.6
50.7
14.1
35.8
20.4
48.9
27.1
50.9
48.9
46.4
45.1
46.5
53.1
26.2
59.5
45.7
56.2
41.9
41.8
44.7
47.0
53.8
18.0
31.5
45.9
42.7","3.7
3.4
3.4
3.3
5.8
4.2
4.2
3.5
3.8
1.9
4.0
3.4
4.6
3.2
3.6
3.2
3.5
4.8
2.4
3.9
4.0
4.8
2.5
4.3
3.8
4.5
2.9
4.0
4.7
3.6
4.5
4.1
4.9
3.0
4.1
3.1
4.7
5.2
3.8
4.8
4.1
5.0
3.1
2.8
3.6
6.2","3.5
3.0
2.6
3.1
4.4
3.4
3.6
3.2
3.8
1.5
4.0
3.1
3.8
3.2
3.0
2.8
3.1
4.0
2.4
3.1
4.1
4.3
2.0
3.2
2.7
3.4
2.4
3.4
4.4
3.3
4.1
3.9
4.0
3.5
4.0
3.2
5.4
4.2
3.2
3.8
3.3
4.8
2.6
2.3
2.6
6.1","8.9
6.9
6.6
8.7
11.0
8.1
12.0
10.6
8.8
13.0
13.8
15.1
15.9
7.7
6.7
10.5
7.3
11.5
14.2
17.8
8.8
8.1
17.4
10.9
14.7
10.0
9.1
7.3
11.0
8.6
9.1
7.2
9.9
9.7
6.8
6.1
7.3
9.3
8.9
10.7
8.5
7.6
16.7
8.1
6.1
14.9","9.2
5.5
6.5
8.5
9.0
7.8
13.1
10.2
9.6
10.7
14.5
18.0
14.7
7.4
5.4
9.0
6.6
6.9
12.2
17.3
8.0
8.4
14.4
9.0
13.4
6.9
8.7
6.8
9.0
7.1
9.1
8.4
7.5
13.2
6.8
7.0
9.6
10.1
7.7
8.5
7.1
9.0
14.3
7.1
5.7
14.2"
,Negros Oriental,,"Amlan Ayungon Bacong Bais City Basay
Bayawan City Bindoy Canlaon City Dauin
Dumaguete City Guihulngan Jimalalud
La Libertad Mabinay Manjuyod Pamplona  San Jose Santa Catalina Siaton
Sibulan Tanjay City Tayasan Valencia Vallehermoso Zamboanguita","25.7
49.7
24.2
54.3
50.9
50.9
56.7
54.0
33.1
9.5
58.6
65.3
55.9
56.6
35.5
47.3
26.2
53.0
49.6
21.1
29.2
57.4
36.0
43.8
38.9","24.1
51.6
20.8
37.2
45.8
42.6
59.9
35.4
32.4
7.4
45.0
50.2
50.2
48.8
42.5
35.5
28.7
39.5
48.5
17.4
27.1
48.5
27.3
47.2
39.1","4.9
4.1
2.9
3.7
6.4
7.8
5.7
6.6
3.8
1.6
4.8
4.1
4.1
4.0
4.3
4.6
3.5
4.4
4.4
3.4
3.4
4.2
3.3
5.8
5.0","4.9
3.7
2.5
3.0
5.8
3.3
3.7
4.4
3.4
1.4
3.2
3.7
3.5
3.4
3.4
3.0
4.4
3.6
3.6
2.5
3.1
3.5
2.5
5.1
5.0","18.9
8.3
12.1
6.9
12.6
15.3
10.1
12.3
11.4
17.0
8.2
6.3
7.4
7.1
12.2
9.7
13.2
8.2
8.8
15.9
11.6
7.2
9.2
13.1
12.8","20.3
7.2
11.9
8.1
12.6
7.7
6.2
12.3
10.6
18.6
7.1
7.3
6.9
7.0
8.1
8.5
15.3
9.1
7.5
14.6
11.4
7.2
9.2
10.7
12.7"
,Siquijor,,"Enrique Villanueva Larena
Lazi Maria San Juan Siquijor","29.8
21.0
40.1
36.3
39.5
28.9","28.2
21.0
39.5
39.1
42.9
27.0","3.8
3.0
4.7
3.9
4.9
2.7","4.0
2.6
3.5
3.3
4.0
2.4","12.8
14.4
11.7
10.6
12.5
9.4","14.0
12.3
8.8
8.3
9.3
8.7"
Region VIII,Eastern Samar,,"Arteche Balangiga Balangkayan Borongan Can-avid Dolores
General MacArthur Giporlos
Guiuan Hernani Jipapad Lawaan Llorente Maslog Maydolong Mercedes Oras Quinapondon Salcedo
San Julian San Policarpo Sulat
Taft","48.7
36.9
41.3
26.4
44.3
44.0
47.3
44.3
35.1
42.3
41.3
34.0
41.3
57.8
43.9
44.3
42.5
50.3
40.1
32.4
38.2
28.9
34.9","55.8
44.2
48.6
37.6
50.0
50.2
48.8
44.9
42.0
48.7
60.6
45.7
47.2
60.2
49.1
39.6
51.1
51.9
45.8
45.2
46.4
42.0
42.2","4.1
4.0
4.0
1.6
2.9
2.9
2.8
4.1
2.4
4.2
4.9
4.0
2.6
6.0
3.5
4.7
2.6
3.7
2.7
3.4
3.6
2.9
2.7","4.5
4.8
5.1
2.9
3.8
3.8
4.2
4.2
3.7
4.8
5.2
5.0
3.5
5.8
4.2
4.1
4.0
4.2
3.9
4.4
4.6
4.7
3.9","8.5
10.7
9.7
6.1
6.5
6.6
6.0
9.2
6.7
10.0
11.9
11.7
6.2
10.3
7.9
10.7
6.1
7.4
6.8
10.4
9.4
10.0
7.9","8.1
10.9
10.6
7.7
7.5
7.5
8.6
9.3
8.9
9.9
8.6
10.9
7.4
9.6
8.5
10.3
7.9
8.2
8.5
9.8
10.0
11.1
9.2"
,Leyte,,Abuyog Alangalang Albuera Babatngon Barugo Bato Baybay Burauen,"37.3
35.7
28.9
38.6
33.2
35.1
29.5
32.1","35.4
34.9
33.6
38.6
36.6
36.4
31.0
33.3","2.3
2.2
2.9
2.9
2.7
2.7
1.6
2.0","2.0
2.5
3.6
3.1
2.8
2.7
1.7
1.9","6.1
6.1
10.2
7.6
8.0
7.8
5.5
6.2","5.5
7.1
10.7
8.0
7.6
7.5
5.4
5.6"
Region,,Province,Municipality/City,Poverty Incidence,,Standard Error,,Coefficient of Variation,
,,,,2006,2009,2006,2009,2006,2009
,,,"Calubian Capoocan Carigara Dagami Dulag Hilongos Hindang Inopacan Isabel Jaro
Javier (Bugho) Julita Kananga Lapaz
Leyte MacArthur Mahaplag Matag-ob Matalom Mayorga Merida Ormoc City Palo Palompon Pastrana San Isidro San Miguel Santa Fe Tabango Tabontabon
Tacloban City Tanauan Tolosa
Tunga Villaba","34.0
38.1
31.4
30.6
32.2
29.6
24.1
30.1
18.4
35.1
38.0
29.9
37.8
29.1
47.8
34.2
41.8
37.5
33.0
31.9
28.3
25.5
19.5
30.1
41.6
37.4
39.2
33.2
37.7
34.4
10.9
25.1
18.2
21.2
36.5","36.2
39.8
32.1
35.0
33.6
30.6
32.1
30.7
23.7
37.4
36.7
33.3
40.6
35.8
46.7
36.6
41.2
35.7
34.7
36.4
32.0
28.3
24.6
30.3
35.9
41.2
35.9
31.4
40.8
36.8
20.5
27.0
24.4
23.1
35.4","2.1
3.3
1.9
2.5
2.3
2.0
2.7
3.1
2.3
2.3
3.0
2.8
3.3
2.5
3.3
2.9
3.4
3.7
2.7
3.2
2.9
1.6
2.1
2.0
3.0
3.5
3.3
3.4
3.7
4.1
1.5
2.0
2.5
3.1
2.9","2.4
3.6
2.2
2.0
2.3
2.1
3.1
3.3
2.4
2.6
2.7
2.9
3.8
2.7
3.5
3.0
3.6
3.4
2.7
3.1
3.2
1.8
1.8
2.0
2.9
3.6
3.2
3.9
4.4
3.4
1.5
2.3
2.8
3.5
2.4","6.2
8.6
6.1
8.3
7.0
6.7
11.1
10.3
12.6
6.6
7.8
9.2
8.8
8.5
7.0
8.4
8.1
9.9
8.1
10.0
10.3
6.3
10.7
6.5
7.3
9.4
8.4
10.2
9.7
11.9
13.8
8.1
13.8
14.5
7.8","6.7
9.0
6.9
5.8
6.9
6.9
9.8
10.8
10.1
6.9
7.4
8.6
9.4
7.5
7.4
8.1
8.6
9.4
7.6
8.4
10.0
6.5
7.4
6.5
8.0
8.6
9.0
12.3
10.7
9.2
7.1
8.5
11.4
15.3
6.9"
,Northern Samar,,"Allen Biri Bobon Capul
Catarman Catubig Gamay Laoang Lapinig  Las Navas Lavezares Mapanas Mondragon Palapag Pambujan Rosario
San Antonio San Isidro San Jose San Roque San Vicente Silvino Lobos Victoria
Lope De Vega","21.4
39.4
34.2
38.5
29.8
47.1
40.4
39.5
54.4
58.8
51.1
54.8
42.6
50.4
47.3
39.3
28.3
35.0
32.2
49.3
30.1
59.8
34.7
52.5","31.5
50.7
45.9
41.6
43.4
52.8
48.7
47.6
51.9
57.1
45.6
58.4
52.2
52.1
51.6
41.6
32.5
43.6
46.1
52.7
43.5
64.8
37.7
58.2","2.7
5.0
3.3
4.2
2.2
2.9
3.1
2.2
4.5
3.6
3.9
4.4
3.6
3.3
3.7
3.9
4.2
3.5
3.4
3.9
4.6
4.4
3.4
4.0","2.6
4.6
3.3
4.6
2.5
3.0
3.4
2.8
4.5
3.2
3.6
5.1
3.6
2.8
3.6
3.9
4.1
3.9
3.4
4.0
4.7
3.8
3.7
4.7","12.6
12.6
9.5
10.8
7.4
6.2
7.6
5.4
8.2
6.2
7.6
8.0
8.6
6.6
7.8
10.0
14.9
9.9
10.6
7.9
15.1
7.3
9.9
7.7","8.3
9.1
7.1
11.1
5.8
5.6
6.9
5.8
8.7
5.6
7.8
8.8
6.8
5.3
7.0
9.4
12.6
8.9
7.3
7.6
10.8
5.9
9.8
8.0"
,Samar (Western),,"Almagro Basey Calbayog City Calbiga Catbalogan Daram Gandara Hinabangan Jiabong Marabut Matuguinao Motiong Pinabacdao
San Jose de Buan San Sebastian Santa Margarita Santa Rita
Santo Nino Talalora Tarangnan Villareal
Paranas (Wright) Zumurraga Tagapul-an
San Jorge Pagsanghan","28.5
30.9
28.8
40.0
21.1
47.2
37.9
36.1
48.4
35.0
64.2
60.6
39.1
55.0
49.0
36.1
42.0
38.6
37.7
44.9
36.5
38.3
46.1
38.3
36.6
31.8","39.5
39.1
38.7
39.0
33.6
51.2
43.8
43.8
41.7
44.4
57.5
45.9
45.0
57.8
43.0
40.7
41.3
45.3
47.0
46.3
42.1
42.5
49.9
42.5
42.3
40.6","2.8
2.4
2.0
3.5
2.2
2.9
2.7
3.4
4.3
2.9
5.3
5.4
3.3
5.0
4.8
2.8
3.1
4.1
4.1
3.4
2.9
2.6
3.1
4.1
3.1
3.6","3.4
2.6
1.9
3.0
2.6
3.1
2.2
3.5
3.7
3.2
4.7
3.9
3.2
5.2
3.7
3.5
3.2
4.7
4.9
3.2
2.8
2.9
3.8
4.2
2.8
3.5","9.7
7.9
7.0
8.6
10.3
6.1
7.0
9.3
9.0
8.2
8.2
9.0
8.3
9.1
9.8
7.6
7.4
10.7
10.9
7.5
7.9
6.8
6.8
10.6
8.3
11.3","8.7
6.7
4.9
7.6
7.7
6.0
5.0
8.1
8.8
7.3
8.1
8.6
7.0
8.9
8.6
8.6
7.8
10.4
10.3
6.9
6.6
6.9
7.7
9.9
6.7
8.7"
,Southern Leyte,,"Anahawan Bontoc Hinunangan Hinundayan Libagon Liloan Maasin City Macrohon Malitbog
Padre Burgos Pintuyan  Saint Bernard San Francisco
San Juan (Cabalian)) San Ricardo
Silago Sogod
Tomas Oppus Limasawa","22.4
35.8
27.6
17.5
30.3
30.1
23.9
25.9
25.4
20.5
30.6
34.0
26.3
22.8
27.6
30.6
31.3
27.3
25.1","29.7
43.2
37.6
31.7
42.1
39.3
31.4
33.6
40.6
33.9
43.2
42.7
36.7
33.6
42.5
38.1
36.8
39.7
37.3","3.2
2.5
2.4
2.5
3.1
2.5
1.9
2.2
2.4
3.0
2.9
2.6
2.6
3.0
3.7
3.4
2.4
2.7
4.1","3.7
2.7
2.7
3.3
3.7
3.2
2.0
2.6
2.9
3.7
3.5
3.0
2.6
3.0
3.4
4.2
2.6
2.8
4.9","14.1
7.1
8.7
14.3
10.2
8.4
8.1
8.6
9.3
14.5
9.5
7.6
9.9
12.9
13.4
11.0
7.6
9.9
16.4","12.5
6.3
7.1
10.3
8.9
8.1
6.3
7.8
7.2
10.9
8.1
6.9
7.2
9.0
8.0
11.0
7.1
7.0
13.1"
,Biliran,,Almera Biliran Cabucgayab Caibiran,"20.5
23.3
26.3
27.6","26.8
33.2
35.2
38.3","3.2
3.6
3.6
2.9","3.5
4.2
4.1
4.0","15.8
15.6
13.5
10.4","13.0
12.7
11.5
10.3"
Region,,Province,Municipality/City,Poverty Incidence,,Standard Error,,Coefficient of Variation,
,,,,2006,2009,2006,2009,2006,2009
,,,Culaba Kawayan Maripipi Naval,"27.4
24.2
20.1
19.9","35.5
33.5
28.0
27.8","3.4
3.4
2.7
2.5","3.5
3.5
3.5
2.4","12.6
13.9
13.3
12.6","9.9
10.4
12.5
8.6"
Region IX,Zamboanga del Norte,,"Dapitan City Dipolog City Katipunan La Libertad Labason Liloy Manukan Mutia
Piñan Polanco
Pres. Manuel A. Roxas Rizal
Salug
Sergio Osmeña Sr. Siayan
Sibuco Sibutad Sindangan Siocon Sirawai Tampilisan
Jose Dalman (Ponot) Gutalac
Baliguian Godod
Bacungan (Leon T. Postigo) Kalawit","46.7
33.0
58.9
43.0
54.7
50.9
58.9
42.9
45.8
47.1
59.6
47.0
54.8
59.3
72.3
66.0
33.0
58.2
59.8
65.5
52.0
63.4
71.1
70.4
60.9
63.9
60.4","40.0
26.8
57.1
45.0
48.9
51.4
68.2
57.8
55.5
47.3
66.3
37.3
60.2
65.8
79.9
68.2
54.1
56.8
63.6
61.7
45.0
68.0
70.4
75.3
71.1
66.0
65.8","5.3
5.5
6.0
7.2
6.6
6.0
5.6
6.9
5.9
6.0
4.9
6.4
6.3
5.5
6.5
6.4
9.7
4.9
6.3
7.1
6.8
7.4
5.4
6.9
6.1
5.7
7.4","4.5
5.2
4.4
7.5
6.0
5.1
5.4
6.8
5.4
5.1
4.7
5.4
5.3
5.6
4.5
5.2
5.9
4.5
5.8
6.2
5.7
5.9
4.6
4.9
6.8
6.2
6.8","11.3
16.7
10.2
16.7
12.1
11.7
9.5
16.0
12.8
12.6
8.3
13.7
11.5
9.2
9.0
9.7
29.5
8.3
10.5
10.8
13.0
11.7
7.6
9.8
10.0
8.8
12.2","11.3
19.5
7.7
16.7
12.2
10.0
7.9
11.7
9.7
10.7
7.1
14.5
8.7
8.4
5.7
7.7
10.9
7.9
9.2
10.1
12.7
8.6
6.6
6.5
9.6
9.4
10.3"
,Zamboanga del Sur,,"Aurora Bayog Dimataling Dinas Dumalinao Dumingag Kumalarang Labangan Lapuyan Mahayag Margosatubig Midsalip Molave
Pagadian City Ramon Magsaysay San Miguel
San Pablo Tabina  Tambulig Tukuran Zamboanga City Lakewood Josefina
Pitogo Sominot
Vincenzo A. Sagun Guipos
Tigbao","27.7
29.2
37.1
35.5
28.4
35.6
33.7
29.6
37.6
28.7
27.7
37.6
24.0
17.3
25.8
27.7
30.8
32.1
30.0
28.3
19.7
31.2
24.4
30.7
35.3
34.7
28.3
34.5","31.5
43.6
46.8
43.1
38.8
42.8
45.9
33.9
53.0
35.9
39.0
52.7
26.5
21.0
36.6
41.6
47.0
47.6
38.0
36.5
19.9
48.4
40.9
49.8
54.5
46.5
36.0
44.5","3.6
5.0
6.3
5.5
5.1
5.1
6.1
5.2
5.3
4.7
6.2
5.4
4.1
2.7
4.6
5.5
4.9
6.7
4.8
4.9
2.7
6.4
5.5
5.3
6.5
6.1
5.7
6.9","4.0
6.1
6.8
5.0
5.2
4.6
6.4
4.6
5.7
4.9
6.8
6.4
4.1
2.7
5.2
6.4
5.8
7.8
5.3
5.2
2.0
7.8
7.4
7.9
7.1
6.3
5.7
6.3","12.9
17.1
17.0
15.6
18.0
14.3
18.1
17.4
14.1
16.4
22.5
14.4
17.0
15.7
17.9
19.8
15.9
20.9
16.1
17.3
13.7
20.6
22.3
17.2
18.4
17.7
20.2
19.9","12.7
14.0
14.5
11.6
13.3
10.7
14.0
13.5
10.7
13.5
17.4
12.2
15.6
12.9
14.1
15.4
12.4
16.4
14.0
14.3
10.2
16.1
18.1
15.8
13.1
13.4
16.0
14.2"
,Zamboanga Sibugay,,"Alicia Buug Diplahan Imelda Ipil
Kabasalan Mabuhay Malangas Naga Olutanga Payao Roseller Lim Siay Talusan Titay Tungawan","46.4
29.6
31.5
38.2
29.3
39.6
57.2
34.8
40.8
41.3
46.5
41.1
42.6
55.3
38.2
51.1","54.0
40.2
43.9
42.4
32.2
36.7
68.9
40.5
36.4
61.7
63.3
51.2
48.3
66.5
45.1
59.5","6.0
4.9
5.7
6.4
4.3
5.7
7.7
5.2
5.8
6.8
6.0
5.8
6.3
8.1
5.0
6.3","6.3
5.4
5.8
5.4
3.6
4.0
5.7
5.0
4.1
6.8
7.0
4.9
4.7
7.8
4.5
5.8","12.8
16.5
18.1
16.6
14.7
14.3
13.5
15.0
14.3
16.4
12.9
14.2
14.8
14.7
13.1
12.3","11.6
13.5
13.2
12.8
11.0
10.8
8.2
12.3
11.3
11.0
11.1
9.6
9.7
11.8
10.0
9.8"
,Isabela City,,Isabela City,22.4,23.0,3.4,2.9,15.0,12.6
Region X,Bukidnon,,"Baungon Damulog Dangcagan Don Carlos Impasug-ong Kadingilan Kalilangan Kibawe Kitaotao Lantapan Libona Malaybalay City Malitbog Manolo Fortich Maramag Pangantucan Quezon
San Fernando Sumilao Talakag Valencia City Cabanglasan","40.2
42.4
39.9
39.5
43.0
50.0
33.8
48.1
52.7
43.7
38.1
31.7
47.8
31.6
33.9
41.6
41.1
42.5
39.1
53.8
35.1
50.5","49.1
52.2
39.9
42.0
46.1
50.7
51.3
46.8
54.8
40.8
35.5
34.6
61.4
33.5
33.5
53.2
52.0
52.1
40.2
50.3
35.8
45.2","5.3
4.9
5.2
4.0
5.5
4.8
5.3
4.0
4.1
5.1
4.8
3.2
6.8
3.2
4.7
4.2
4.3
5.6
7.5
4.5
3.5
4.1","4.7
4.9
4.8
3.3
4.7
5.3
5.1
3.2
4.6
4.6
3.5
2.7
5.6
3.3
3.7
3.8
4.0
5.1
7.0
3.9
3.1
5.2","13.1
11.6
13.1
10.0
12.7
9.5
15.7
8.2
7.7
11.6
12.5
9.9
14.2
10.1
13.7
10.0
10.4
13.3
19.3
8.3
9.9
8.1","9.7
9.4
11.9
7.9
10.1
10.4
9.9
6.9
8.3
11.3
9.9
7.8
9.1
9.9
11.0
7.1
7.7
9.8
17.3
7.8
8.5
11.4"
,Camiguin,,Catarman Guinsiliban Mahinog Mambajao Sagay,"47.4
47.5
36.5
37.4
54.5","58.4
45.7
45.9
36.2
42.1","6.4
6.2
5.0
4.9
7.1","4.3
5.4
4.0
4.1
5.4","13.4
13.0
13.6
13.1
13.0","7.4
11.7
8.7
11.4
12.8"
,Lanao del Norte,,Bacolod Baloi Baroy Iligan City Kapatagan,"34.8
33.2
45.8
23.1
42.5","40.2
48.3
47.0
24.4
47.6","5.2
4.5
5.3
2.4
4.8","4.7
3.9
4.0
1.9
3.3","15.0
13.5
11.6
10.5
11.4","11.7
8.0
8.5
7.6
7.0"
Region,,Province,Municipality/City,Poverty Incidence,,Standard Error,,Coefficient of Variation,
,,,,2006,2009,2006,2009,2006,2009
,,,"Sultan Naga Dimaporo Kauswagan Kolambugan
Lala Linamon Magsaysay Maigo Matungao Munai Nunungan
Pantao Ragat Poona Piagapo Salvador Sapad Tagoloan Tangcal
Tubad Pantar","48.9
46.4
38.4
35.1
36.3
46.6
45.2
37.8
42.5
51.9
40.6
48.3
57.1
45.9
66.5
50.5
34.4
39.4","59.9
49.5
41.7
37.0
31.0
59.2
43.7
59.3
67.5
67.9
59.7
66.8
56.3
62.0
69.4
67.4
48.3
57.5","4.4
7.5
4.5
4.0
6.2
4.5
7.0
5.7
5.3
4.5
5.3
4.7
6.3
5.4
8.5
7.1
3.9
4.1","3.8
4.5
3.3
3.1
5.1
3.8
4.8
5.6
3.6
4.1
4.2
3.9
4.6
4.5
5.8
4.3
3.1
3.9","9.0
16.1
11.6
11.3
17.0
9.6
15.5
15.1
12.5
8.7
13.0
9.7
11.1
11.8
12.7
14.0
11.3
10.4","6.4
9.1
8.0
8.5
16.5
6.4
11.0
9.5
5.4
6.1
7.1
5.8
8.2
7.3
8.3
6.4
6.4
6.7"
,Misamis Occidental,,"Aloran Baliangao Bonifacio Calamba Clarin Concepcion Jimenez Lopez Jaena Oroquieta City Ozamis City Panaon Plaridel
Sapang Dalaga Sinacaban Tangub City Tudela
Don Victoriano Chiongbian","39.1
48.5
66.6
38.7
43.7
76.5
36.4
48.0
33.5
30.6
38.2
44.3
51.7
42.7
63.8
43.7
73.7","42.7
37.7
44.9
41.4
38.8
62.3
40.9
49.3
30.7
29.8
40.2
35.2
43.9
38.9
43.1
38.0
65.7","6.0
5.8
5.7
5.6
6.0
5.4
4.7
6.0
4.5
4.3
5.6
5.4
5.3
5.8
5.9
5.6
6.6","2.9
4.0
4.0
3.3
3.0
4.2
3.5
3.5
3.1
2.4
4.3
3.0
3.3
3.4
2.5
3.2
5.2","15.3
12.0
8.5
14.5
13.7
7.1
12.8
12.4
13.5
14.1
14.8
12.2
10.2
13.6
9.3
12.8
8.9","6.9
10.6
9.0
7.9
7.6
6.8
8.6
7.2
10.2
8.1
10.7
8.5
7.5
8.8
5.8
8.4
7.8"
,Misamis Oriental,,"Alubijid Balingasag Balingoan Binuangan
Cagayan De Oro City Claveria
El Salvador Gingoog City Gitaguim Initao Jasaan Kinoguitan Lagonglong
Laguindingan Libertad Lugait Magsaysay Manticao Medina Naawan Opol
Salay Sugbongcogon Tagoloan Talisayan Villanueva","47.4
48.9
41.3
42.8
19.4
46.1
45.1
44.1
40.8
44.3
51.5
55.6
47.9
32.6
46.2
47.3
73.9
48.2
37.3
48.6
30.4
48.8
45.2
39.6
49.0
40.9","53.7
51.2
46.4
52.7
22.8
57.1
38.8
48.7
50.3
48.9
42.1
55.7
49.9
52.2
55.5
40.6
60.3
48.4
41.0
45.7
31.1
47.1
45.4
35.9
48.2
40.5","4.5
3.4
5.6
6.7
2.7
4.4
6.0
3.1
4.9
5.5
6.0
6.5
5.1
5.7
7.4
7.9
6.8
5.7
3.9
5.8
3.9
5.5
6.0
4.8
4.9
5.8","4.0
2.7
5.5
6.3
2.2
3.4
3.8
2.4
4.9
4.4
4.2
4.0
4.6
5.2
5.5
5.8
3.9
4.0
3.3
5.1
3.2
4.7
5.8
4.7
3.8
3.9","9.4
6.9
13.5
15.6
13.7
9.5
13.3
7.0
11.9
12.4
11.6
11.7
10.6
17.4
15.9
16.8
9.2
11.8
10.3
11.9
12.7
11.2
13.2
12.2
10.0
14.1","7.4
5.2
11.9
12.0
9.8
6.0
9.7
4.8
9.8
9.0
9.9
7.1
9.2
9.9
10.0
14.3
6.4
8.3
8.1
11.1
10.2
9.9
12.8
13.1
8.0
9.7"
Region XI,Davao del Norte,,"Asuncion (Saug) Carmen Kapalong
New Corella Panabo City
Island Garden City of Samal Santo Tomas
Tagum City Talaingod Braulio E. Dujali San Isidro","38.4
34.9
36.0
38.4
24.5
35.7
31.0
17.9
53.1
26.9
37.9","41.0
28.0
21.5
38.2
14.8
32.8
23.5
15.0
62.6
40.8
53.6","4.2
4.1
4.2
4.3
2.7
2.6
5.0
2.6
8.0
5.5
4.9","4.2
3.5
4.0
4.4
2.2
2.8
4.2
2.8
9.5
7.2
5.5","11.0
11.7
11.6
11.1
11.2
7.2
16.2
14.6
15.1
20.3
12.8","10.2
12.5
18.5
11.6
14.8
8.6
17.9
18.7
15.2
17.5
10.3"
,Davao del Sur,,"Bansalan Davao City Digos City Hagonoy
Jose Abad Santos (Trinidad) Kiblawan
Magsaysay Malalag Malita Matanao Padada Santa Cruz Santa Maria Sulop Sarangani
Don Marcelino","31.3
15.7
22.3
32.8
53.6
45.3
42.3
39.6
53.0
40.9
25.0
34.4
47.5
39.2
54.6
56.2","21.3
13.2
18.8
22.9
72.3
57.4
40.0
41.2
63.8
40.7
14.6
27.3
48.5
36.9
72.1
66.5","3.5
1.4
2.9
4.0
4.0
3.4
4.2
4.7
4.1
3.7
3.6
3.7
3.8
3.7
5.9
5.1","3.1
1.3
2.6
3.2
4.1
3.8
4.6
4.0
3.5
3.2
2.5
3.6
4.4
4.0
5.0
5.4","11.3
9.0
13.0
12.2
7.5
7.5
9.9
11.9
7.7
9.0
14.2
10.7
8.0
9.3
10.8
9.1","14.6
9.4
13.9
14.0
5.6
6.5
11.5
9.6
5.5
8.0
17.5
13.0
9.0
10.9
6.9
8.1"
,Davao Oriental,,"Baganga Banaybanay Boston Caraga Cateel
Governor Generoso Lupon
Manay
Mati  (Capital) San Isidro Tarragona","28.3
34.0
22.9
37.8
23.1
42.8
36.8
39.2
32.9
41.9
39.0","44.0
32.5
36.6
58.0
53.5
55.7
42.9
58.7
33.9
47.4
62.3","3.3
4.9
5.2
4.6
3.7
4.7
4.3
4.5
3.5
4.8
6.1","4.6
4.4
5.5
4.1
4.8
4.9
4.6
4.9
3.8
5.2
5.4","11.5
14.3
22.6
12.3
16.2
11.0
11.8
11.6
10.7
11.5
15.6","10.5
13.6
15.0
7.0
8.9
8.9
10.6
8.4
11.1
11.0
8.6"
,Compostela Valley,,"Compostela
Laak (San Vicente) Mabini (Doña Alicia) Maco
Maragusan (San Mariano) Mawab
Monkayo Montevista Nabunturan","31.7
36.5
31.9
35.2
34.6
34.7
25.7
36.5
27.2","26.5
54.7
29.8
30.6
35.6
32.7
32.9
41.3
28.3","5.2
3.3
4.6
3.1
4.4
4.9
3.1
3.9
3.1","4.7
4.3
4.1
2.6
4.7
4.5
4.2
4.6
3.9","16.3
9.0
14.3
8.9
12.8
14.2
11.9
10.6
11.5","17.7
7.8
13.9
8.6
13.2
13.8
12.7
11.1
13.7"
Region,,Province,Municipality/City,Poverty Incidence,,Standard Error,,Coefficient of Variation,
,,,,2006,2009,2006,2009,2006,2009
,,,New Bataan Pantukan,"30.7
34.4","42.0
28.3","4.8
4.7","5.5
4.8","15.8
13.8","13.0
17.0"
Region XII,North Cotabato,,"Alamada Carmen Kabacan Kidapawan City Libungan Magpet Makilala Matalam Midsayap M'lang Pigkawayan Pikit
President Roxas Tulunan
Antipas Banisilan Aleosan Arakan","40.6
39.4
30.6
20.0
31.5
43.9
29.0
35.8
31.5
32.0
33.0
51.9
36.7
34.7
33.3
48.4
45.6
45.8","44.6
50.4
35.0
19.2
32.1
36.7
23.2
34.9
33.0
34.5
39.0
48.5
35.3
38.2
30.9
43.8
47.1
48.0","4.9
3.9
3.8
3.3
4.4
3.8
3.4
3.6
2.3
5.2
3.2
4.6
4.5
3.7
4.8
6.2
5.3
4.2","4.4
5.7
3.3
2.6
3.8
3.8
2.7
3.2
2.9
3.1
3.4
3.6
3.8
3.7
4.6
4.5
5.1
4.7","11.9
9.9
12.4
16.5
13.8
8.5
11.5
10.1
7.2
16.1
9.6
8.9
12.3
10.5
14.5
12.9
11.5
9.2","9.9
11.2
9.5
13.7
11.9
10.3
11.5
9.1
8.6
9.1
8.7
7.3
10.8
9.6
14.9
10.2
10.8
9.8"
,South Cotabato,,"Banga
General Santos Koronodal City Norala Polomolok Surallah Tampakan Tantangan T'boli
Tupi
Santo Nino Lake Sebu","30.6
16.7
19.9
26.3
21.2
27.1
31.4
31.0
49.8
32.6
28.1
55.1","31.3
22.5
21.7
33.1
22.8
30.5
33.1
38.2
52.7
34.7
32.1
52.8","3.5
2.9
3.0
3.5
3.8
3.8
4.2
4.4
4.9
3.6
5.3
7.3","3.6
2.9
2.7
4.1
3.4
3.4
3.9
4.4
3.8
4.5
4.7
5.6","11.3
17.1
15.2
13.3
17.9
14.1
13.5
14.3
9.9
11.0
19.0
13.2","11.4
13.1
12.5
12.5
15.1
11.1
11.9
11.5
7.3
12.8
14.5
10.5"
,Sultan Kudarat,,"Bagumbayan Colombio Esperanza Isulan Kalamansig Lebak Lutayan Lambayong Palimbang
President Quirino Tacurong City Sen. Ninoy Aquino","41.9
45.5
31.3
25.5
47.3
37.1
58.8
34.2
50.0
31.9
19.6
40.9","46.9
54.4
33.2
26.8
50.6
46.0
51.1
41.4
63.7
31.7
18.5
47.6","4.6
5.6
5.3
3.6
4.9
3.4
6.7
3.7
5.5
4.6
2.8
3.8","4.5
5.7
3.5
3.3
4.9
3.7
5.6
3.9
4.0
4.2
2.5
4.6","11.0
12.4
17.0
14.3
10.3
9.1
11.5
10.9
10.9
14.3
14.3
9.2","9.5
10.5
10.5
12.3
9.6
8.1
11.0
9.4
6.2
13.1
13.6
9.6"
,Sarangani,,Alabel Glan Kiamba Maasim Maitum Malapatan Malungon,"32.3
37.2
31.3
37.7
32.5
43.9
37.9","41.0
47.0
45.0
52.2
42.8
54.1
45.3","5.5
3.3
4.3
5.0
4.0
7.0
3.8","4.9
4.2
4.9
5.8
4.2
6.0
4.1","17.0
8.8
13.6
13.2
12.2
15.9
10.0","12.0
8.8
11.0
11.2
9.9
11.0
9.0"
,Cotabato City,,Cotobato City,21.1,26.9,3.5,5.4,16.4,18.4
ARMM  1/,Basilan,,"Lamitan Lantawan Maluso Sumisip Tipo-Tipo Tuburan Akbar
Al-barka
Hadji Mohammad Ajul Ungkaya Pukan  Hadju Muhtamad Tabuan-Lasa","33.8
47.0
48.0
49.6
38.7
50.7
41.4
45.5
48.3
47.0
-
-","17.5
25.2
39.2
29.4
28.0
37.6
32.7
27.0
30.5
26.5
35.5
40.3","5.7
7.8
8.1
6.8
8.9
12.3
12.9
9.6
9.6
10.0
-
-","3.6
4.3
6.7
4.9
6.3
7.4
7.0
5.0
5.4
5.8
6.6
7.4","16.8
16.6
17.0
13.7
23.1
24.2
31.1
21.1
20.0
21.4
-
-","20.4
17.2
17.0
16.8
22.4
19.7
21.3
18.5
17.8
21.8
18.6
18.3"
,Lanao del Sur,,"Bacolod-Kalawi Balabagan Balindong (Watu) Bayang Binidayan Bubong
Butig Ganassi Kapai
Lumba-Bayabao (Maguing) Lumbatan
Madalum Madamba Malabang Marantao Marawi City Masiu Mulondo
Pagayawan (Tatarikan) Piagapo
Poona Bayabao  (Gata) Pualas
Ditsaan-Ramain Saguiaran Tamparan Taraka
Tubaran Tugaya Wao Marogong Calanogas
Buadiposo-Buntong Maguing
Sultan Gumander Lumbayanague Bumbaran Tagoloan II Kapatagan
Sultan Dumalondong Lumbaca-Unayan","33.6
28.7
36.8
36.5
25.3
35.0
30.6
30.2
41.7
24.3
34.0
27.9
23.3
28.8
33.0
27.6
32.8
37.1
38.8
38.6
31.9
25.6
33.0
37.4
30.3
30.9
40.3
39.7
27.6
46.1
39.8
31.0
33.0
40.5
30.1
34.1
45.7
29.4
46.0
34.8","29.4
34.4
42.9
33.9
36.8
42.6
37.1
34.8
43.0
38.8
36.8
32.6
46.7
37.7
29.2
34.5
39.4
54.2
43.5
37.0
28.3
27.5
41.9
33.2
39.9
38.0
44.4
45.3
25.5
46.2
53.9
38.6
29.9
47.3
55.7
37.8
59.3
32.3
51.4
36.0","9.1
6.8
9.1
9.1
7.2
10.1
7.6
7.1
11.2
5.6
10.8
6.1
6.4
6.8
7.7
4.6
7.7
10.0
9.8
9.0
8.1
6.2
7.5
9.8
7.1
8.4
9.0
11.8
6.3
11.0
9.6
8.6
7.3
10.2
7.9
7.9
13.3
7.7
15.6
11.0","4.1
4.7
7.0
4.9
5.7
7.0
6.1
4.9
6.5
5.7
4.7
4.5
7.0
5.1
4.7
4.7
6.9
10.2
7.3
4.4
4.7
4.7
6.1
4.4
5.8
5.4
7.3
7.9
4.2
7.5
10.0
5.8
4.1
6.8
9.7
6.3
9.3
4.8
10.5
6.9","27.0
23.7
24.6
25.0
28.4
28.7
24.8
23.4
26.8
22.9
31.9
21.9
27.5
23.5
23.4
16.6
23.6
26.8
25.2
23.2
25.4
24.0
22.6
26.3
23.5
27.2
22.4
29.7
22.8
23.8
24.1
27.6
22.1
25.1
26.3
23.2
29.0
26.3
33.9
31.6","13.9
13.6
16.3
14.5
15.5
16.5
16.4
14.0
15.1
14.8
12.8
13.9
15.0
13.7
16.0
13.7
17.6
18.8
16.7
11.9
16.5
17.0
14.6
13.4
14.6
14.3
16.4
17.4
16.4
16.2
18.6
15.0
13.6
14.5
17.4
16.6
15.6
14.8
20.4
19.1"
,Maguindanao,,Ampatuan Buldon Buluan  Datu Paglas,"36.1
45.1
47.3
47.2","51.9
53.4
50.7
48.4","9.8
6.9
14.3
8.0","6.2
6.9
10.6
5.2","27.1
15.3
30.3
16.9","11.9
12.9
20.8
10.8"
Region,,Province,Municipality/City,Poverty Incidence,,Standard Error,,Coefficient of Variation,
,,,,2006,2009,2006,2009,2006,2009
,,,"Datu Piang
Datu Odin Sinsuat (Dinaig) Shariff Aguak (Maganoy) Matanog
Pagalungan Parang
Sultan Kudarat (Nuling)
Sultan Sa Barongis (Lambayong) Kabuntalan (Tumbao)
Upi Talayan South Upi Barira
Gen. S. K. Pendatun Mamasapano  Talitay
Pagagawan Paglat
Sultan Mastura Guindulungan
Datu Saudi-Ampatuan Datu Unsay
Datu Abdullah Sangki Rajah Buayan
Datu Blah T. Sinsuat Datu Anggal Midtimbang Mangudadatu
Pandag
Northern Kabuntalan Datu Hoffer Ampatuan Datu Salibo
Shariff Saydona Mustapha","56.2
44.3
54.2
52.5
53.0
36.1
50.1
61.8
51.3
49.0
56.7
53.5
46.7
62.6
59.0
63.0
50.7
62.4
48.3
60.5
53.2
63.0
43.4
55.5
56.9
52.5
62.6
61.6
47.4
-
-
-","52.5
45.0
56.9
43.7
46.7
42.0
50.0
61.1
62.8
34.8
50.9
42.9
39.9
61.0
55.8
51.9
53.0
61.1
44.4
64.5
43.4
47.1
51.0
53.9
48.7
57.0
56.9
66.8
41.2
49.1
52.5
51.2","9.0
6.6
8.9
10.5
8.9
6.8
5.6
10.1
8.9
7.7
9.1
10.0
8.5
8.1
10.1
9.4
9.0
14.5
8.7
8.7
8.3
10.8
10.1
11.2
10.5
11.4
13.4
11.1
7.8
-
-
-","11.4
4.5
8.4
7.3
6.2
5.6
3.6
6.1
6.4
5.1
5.7
6.9
5.3
6.1
7.5
7.9
6.0
7.3
6.4
6.5
7.9
9.9
7.0
6.2
6.3
8.0
7.0
7.7
6.1
8.1
6.0
7.8","16.0
14.9
16.4
20.0
16.9
18.9
11.2
16.3
17.3
15.7
16.1
18.7
18.2
12.9
17.2
14.9
17.8
23.3
18.0
14.4
15.6
17.1
23.2
20.2
18.5
21.8
21.4
17.9
16.3
-
-
-","21.6
10.0
14.8
16.7
13.2
13.4
7.2
10.0
10.1
14.8
11.1
16.2
13.2
10.1
13.5
15.1
11.4
12.0
14.5
10.0
18.3
21.1
13.7
11.6
13.0
14.0
12.4
11.5
14.8
16.4
11.4
15.2"
,Sulu,,"Indanan Jolo
Kalingalan Caluang Luuk
Maimbung
Hadji Panglima Tahil (Marunggas) Old Panamao
Pangutaran Parang Pata Patikul Siasi Talipao Tapul Tongkil
Panglima Estino (New Panamao) Lugus
Pandami Omar","54.2
43.3
65.0
70.2
57.2
60.9
55.3
50.9
54.7
52.8
44.6
59.7
51.2
57.7
69.8
51.9
54.4
57.0
-","42.7
46.1
48.3
47.9
51.9
53.2
55.9
49.3
53.2
52.6
37.0
46.1
59.8
52.4
51.2
68.7
50.1
49.2
50.8","6.7
12.2
10.9
8.0
9.5
14.8
9.4
10.1
7.4
10.2
8.2
8.9
6.9
9.7
8.5
9.4
10.7
9.7
-","5.4
7.8
7.5
6.9
5.6
10.5
7.0
5.9
5.1
7.4
5.3
4.6
5.1
5.9
6.4
8.0
6.4
6.3
9.9","12.3
28.1
16.8
11.4
16.5
24.4
17.0
19.9
13.5
19.4
18.4
14.9
13.4
16.9
12.2
18.1
19.7
17.1
-","12.8
17.0
15.6
14.5
10.8
19.7
12.5
12.0
9.5
14.1
14.3
9.9
8.5
11.4
12.5
11.6
12.7
12.7
19.4"
,Tawi-tawi,,"Panglima Sugala (Balimbing) Bongao
Mapun (Cagayan De Tawi-Tawi) Simunul
Sitangkai South Ubian Tandubas Turtle Islands Languyan Sapa-Sapa Sibutu","52.8
39.4
46.2
32.4
36.6
43.7
45.2
43.4
40.0
45.7
34.7","44.9
27.7
35.2
30.4
31.7
36.4
35.3
28.6
38.0
37.2
38.9","9.5
6.2
8.1
8.2
9.1
7.8
8.4
18.9
7.0
8.7
7.8","6.6
4.1
5.7
5.7
7.5
4.7
6.1
13.0
6.5
5.3
6.9","18.0
15.8
17.5
25.3
24.8
17.8
18.6
43.6
17.4
19.1
22.6","14.6
15.0
16.2
18.6
23.8
12.8
17.4
45.4
17.1
14.2
17.6"
Caraga,Agusan del Norte,,"Buenavista Butuan City Cabadbaran Carmen Jabonga Kitcharao Las Nieves Magallanes Nasipit Santiago Tubay
Remedios T. Romualdez","34.1
24.6
28.0
37.1
48.6
39.0
52.3
34.2
23.0
55.5
39.6
38.3","38.0
27.6
28.4
40.6
45.7
39.9
53.0
28.6
28.3
47.7
39.2
41.0","3.3
2.2
3.4
5.1
5.0
6.9
5.3
4.6
2.9
7.0
5.0
5.0","3.2
1.8
2.7
5.2
3.7
4.0
3.5
4.3
3.1
4.9
4.1
4.7","9.7
8.9
12.1
13.8
10.3
17.7
10.1
13.3
12.7
12.5
12.6
13.1","8.5
6.3
9.6
12.7
8.1
10.0
6.6
15.1
10.9
10.2
10.5
11.5"
,Agusan del Sur,,"Bayugan Bunawan Esperanza La Paz Loreto Prosperidad Rosario
San Francisco San Luis Santa Josefa Talacogon Trento Veruela Sibagat","46.1
60.8
66.9
74.2
70.3
53.5
56.0
41.9
69.7
54.0
56.1
42.6
63.0
63.3","48.4
54.2
61.9
66.7
56.9
52.8
48.2
39.7
62.0
53.3
58.0
49.1
58.5
59.4","3.1
5.4
3.6
4.7
4.0
3.6
5.3
2.9
3.7
4.4
4.9
5.0
4.5
3.8","3.1
3.8
2.7
3.9
3.9
3.1
4.8
2.6
2.8
3.7
4.0
5.0
3.4
3.7","6.7
8.9
5.4
6.3
5.7
6.7
9.5
6.8
5.3
8.1
8.8
11.7
7.1
6.0","6.3
7.1
4.4
5.9
6.9
5.8
10.0
6.4
4.5
6.9
6.8
10.1
5.8
6.2"
,Surigao del Norte,,"Alegria Bacuag Basilisa (Rizal) Burgos Cagdiano Claver
Dapa
Del Carmen Dinagat General Luna Gigaquit  Libjo (Albor) Loreto
Mainit Malimono Pilar Placer  San Benito
San Francisco (Anao-Aon) San Isidro","47.6
35.3
65.1
46.9
60.6
38.8
44.0
40.7
55.1
50.6
45.2
59.8
29.9
42.5
51.2
54.4
30.6
48.2
44.6
49.6","57.2
50.6
55.7
53.2
55.6
49.8
52.2
58.9
57.6
55.4
59.6
54.1
54.2
57.0
50.3
62.8
47.7
62.6
48.8
51.7","4.9
5.3
4.3
6.3
4.8
4.2
3.7
3.8
5.1
4.8
5.1
5.0
4.0
4.5
4.9
5.3
3.5
7.1
4.3
6.0","4.9
5.4
4.1
6.0
5.1
4.7
3.7
4.2
5.1
4.3
4.8
4.7
5.1
4.1
5.1
4.4
4.2
5.1
4.4
5.6","10.4
15.0
6.5
13.5
7.8
10.9
8.3
9.3
9.2
9.5
11.4
8.3
13.2
10.7
9.6
9.7
11.5
14.8
9.6
12.2","8.5
10.7
7.3
11.2
9.2
9.5
7.1
7.1
8.9
7.8
8.0
8.7
9.4
7.2
10.2
6.9
8.9
8.2
8.9
10.8"
Region,,Province,Municipality/City,Poverty Incidence,,Standard Error,,Coefficient of Variation,
,,,,2006,2009,2006,2009,2006,2009
,,,"Santa Monica (Sapao) Sison
Socorro Surigao City Tagana-an Tubajon Tubod
San Jose","45.4
41.1
54.0
32.4
49.6
47.6
30.6
49.2","52.4
52.1
52.1
40.1
50.4
56.3
47.8
46.7","5.0
5.2
5.7
2.9
4.3
5.3
4.4
4.9","4.2
4.9
5.9
3.0
5.1
5.4
4.5
4.4","11.0
12.6
10.6
8.9
8.7
11.1
14.4
9.9","8.1
9.5
11.4
7.4
10.1
9.6
9.4
9.4"
,Surigao del Sur,,Barobo Bayabas Bislig Cagwait Cantilan Carmen Carrascal Cortes Hinatuan Lanuza Lianga Lingig Madrid Marihatag San Agustin San Miguel Tagbina Tago Tandag,"42.5
44.3
26.6
40.5
20.0
30.6
32.0
42.0
43.3
41.2
29.2
45.2
25.0
48.3
44.7
50.1
47.1
41.5
24.3","45.7
39.4
34.2
39.4
25.7
34.6
32.7
36.4
43.6
35.1
37.0
48.9
33.0
50.3
49.9
50.5
48.0
37.5
26.3","4.7
5.5
4.3
5.9
3.7
4.7
3.6
6.3
3.7
4.4
4.1
4.7
3.1
5.5
5.3
4.7
4.6
4.4
3.1","4.4
5.2
4.9
4.9
2.8
5.2
3.9
4.9
3.1
4.4
4.2
4.3
3.7
4.4
4.0
3.7
3.7
3.2
2.7","11.1
12.5
16.0
14.7
18.3
15.2
11.3
14.9
8.6
10.7
13.9
10.4
12.4
11.3
11.7
9.4
9.7
10.7
12.7","9.6
13.2
14.3
12.3
10.9
14.9
11.9
13.5
7.1
12.4
11.3
8.8
11.1
8.8
8.0
7.3
7.8
8.5
10.3"
Note:,,,,,,,,,
1/ The 2009 city and municipal level poverty estimates for ARMM were revised to reflect on the movement/creation of municipalities and barangays which were not considered in the preliminary estimation of the 2009 city and municipal level poverty estimates published in the NSCB website last 03 August 2013.,,,,,,,,,
